nyt_topic_1,nyt_topic_2,nyt_topic_3,nyt_topic_4,nyt_topic_5,nyt_topic_6,nyt_topic_7,nyt_topic_8,nyt_topic_9,nyt_topic_10,date
0.00018442728,0.0057249777,0.07226034,0.013919695,0.8550505,0.026384747,0.00018439542,0.025922028,0.00018442873,0.00018443503,2020-05-01
5.9681734e-05,5.9681744e-05,0.036193255,5.9678994e-05,0.7814474,0.047637075,5.9669343e-05,0.060282785,0.0076930565,0.06650774,2020-05-02
0.00030363185,0.00030366145,0.18201369,0.000303658,0.76416993,0.00030364114,0.00030360516,0.00030365764,0.024303047,0.0276915,2020-05-03
0.011122542,0.4787506,0.00996253,0.037968397,0.10158092,4.442716e-05,4.442031e-05,0.07637214,0.13361704,0.15053694,2020-05-04
0.08029829,0.4603844,0.046030995,0.03899152,0.10581869,0.07951309,4.6334386e-05,0.087980874,0.058167573,0.042768307,2020-05-05
0.00013673454,0.010041899,0.070264064,0.014604217,0.6084892,0.24232271,0.00013671111,0.053730894,0.00013674684,0.00013676644,2020-05-06
0.0002778124,0.027216457,0.00027780817,0.00027779306,0.03037368,0.00027779094,0.00027774318,0.9290449,0.011698247,0.00027781902,2020-05-07
0.0002736492,0.38083866,0.13279027,0.000273622,0.00027364714,0.41422752,0.0002735786,0.07050174,0.00027365348,0.0002736262,2020-05-08
0.00023538503,0.4178857,0.06960195,0.02413357,0.34157902,0.00023535166,0.0002353103,0.00023535424,0.00023533992,0.14562306,2020-05-09
0.00019950986,0.14537904,0.00019950543,0.08533168,0.0042232685,0.00019951268,0.00019946104,0.13623531,0.059385832,0.5686469,2020-05-10
0.021779506,0.25424218,0.14792767,0.00020986355,0.117972806,0.41014642,0.0002098463,0.013625332,0.00020986305,0.03367651,2020-05-11
0.00016968594,0.26349777,0.00016967987,0.06106875,0.06923995,0.00016967367,0.00016963472,0.51894456,0.0715807,0.014989598,2020-05-12
0.00018979865,0.122004725,0.0001898068,0.18972227,0.00018983353,0.06466681,0.00018977711,0.31251654,0.27763286,0.03269761,2020-05-13
0.0001389031,0.2807435,0.00013890011,0.071639515,0.011054504,0.00013890673,0.00013887812,0.1410266,0.48336077,0.01161949,2020-05-14
0.00014441882,0.039481487,0.00014442227,0.011635718,0.00014444755,0.00014443546,0.00014439864,0.28236932,0.6656469,0.00014442825,2020-05-15
0.00014972604,0.65504676,0.00014971389,0.061442092,0.00014973544,0.00014972266,0.00014969734,0.09019794,0.10336061,0.08920402,2020-05-16
0.00014217329,0.08426848,0.24272324,0.0001421723,0.028927783,0.13740818,0.00014213996,0.0026419773,0.0001421734,0.5034617,2020-05-17
7.4088726e-05,0.004020084,7.409556e-05,7.409832e-05,0.17905048,0.3134855,7.407739e-05,0.364796,0.1273065,0.011045085,2020-05-18
0.018765552,0.33312806,0.052569017,0.10295942,0.24254964,0.033567514,4.6488618e-05,0.049781315,0.010328533,0.15630445,2020-05-19
0.00015013861,0.029935533,0.078539595,0.00015014168,0.5579316,0.0262525,0.00015011511,0.1480946,0.00015013329,0.1586457,2020-05-20
0.4259506,0.25703704,0.0001890326,0.00018899555,0.26999843,0.00018903188,0.00018895908,0.045879863,0.00018899895,0.00018901368,2020-05-21
0.0044381595,0.27713177,0.00017485561,0.00017483789,0.3291277,0.00017485963,0.00017480958,0.38825336,0.00017484835,0.0001748431,2020-05-22
0.0505647,0.0025246795,0.00020957598,0.048152372,0.35578522,0.07596637,0.00020951747,0.00020957414,0.003734745,0.4626432,2020-05-23
0.0008304994,0.41273135,0.039553914,0.14016432,0.129407,4.6144658e-05,4.6135086e-05,0.081846364,0.003118187,0.19225608,2020-05-24
4.6531426e-05,0.39884785,0.05270026,0.052354045,0.11844933,0.013873184,4.6526922e-05,0.044138335,0.010553515,0.30899042,2020-05-25
0.07134828,0.52689683,0.14842473,0.07109798,0.10575246,0.035422303,4.587692e-05,0.012434911,0.015670344,0.012906233,2020-05-26
0.30558255,0.4208449,0.1079029,0.021898646,0.039240334,0.00017686804,0.00017683463,0.086157985,0.00017688803,0.017842112,2020-05-27
0.005610606,0.041179825,0.29433137,7.0382346e-05,0.21125674,7.0382186e-05,7.037887e-05,0.28160146,0.00820596,0.15760285,2020-05-28
0.5503576,0.15556726,0.00025809102,0.00025807036,0.00025810607,0.00025809102,0.0002580473,0.2922686,0.00025807586,0.00025807632,2020-05-29
0.0001704919,0.011529431,0.030470643,0.11974506,0.0001705298,0.18195277,0.00017046288,0.3379765,0.31764364,0.00017048807,2020-05-30
8.338505e-05,0.1350871,0.045687098,0.08600601,8.3401166e-05,0.6785101,8.33675e-05,0.01734924,0.024227481,0.012882811,2020-05-31
8.878953e-05,0.43504998,8.87943e-05,0.060056195,0.30169246,8.879e-05,8.878943e-05,0.106493264,8.8797206e-05,0.09626418,2020-06-01
0.046563778,0.5331492,0.16753872,0.0451308,5.519168e-05,0.11274073,5.5178964e-05,0.062120862,0.0004438717,0.032201704,2020-06-02
0.00022862415,0.00022862607,0.00022862865,0.00022866599,0.89228535,0.012231166,0.00022858544,0.062327847,0.031783905,0.00022862751,2020-06-03
0.000336303,0.0003363103,0.00033632645,0.00033629735,0.9969731,0.00033650664,0.0003362557,0.00033631368,0.0003362983,0.00033629386,2020-06-04
0.037562232,0.061066493,0.086865634,0.00018102906,0.191726,0.00018102913,0.00018099287,0.60832375,0.00018102146,0.013731805,2020-06-05
0.013417951,0.36009288,0.08390369,0.06182602,0.17934045,0.029597264,4.58133e-05,0.042537056,0.019712929,0.2095259,2020-06-06
0.0062733446,0.00035158588,0.00035157046,0.00035156077,0.82084656,0.00035155469,0.00035150172,0.1552354,0.015535331,0.0003515728,2020-06-07
0.00018130633,0.3367816,0.41864234,0.007854693,0.16478033,0.0030654322,0.00017042851,0.03541221,0.0001704648,0.03294121,2020-06-08
0.00021233893,0.29931483,0.04588437,0.17235912,0.005672127,0.00021235741,0.00021229993,0.060783103,0.41096994,0.0043794746,2020-06-09
0.00016440073,0.019909648,0.75215125,0.00016440667,0.1918537,0.0001644043,0.00016437058,0.022779236,0.012484237,0.00016440316,2020-06-10
0.00063278456,0.729477,0.000632794,0.0006326978,0.19553874,0.000632684,0.00063261506,0.07055527,0.0006326734,0.00063276757,2020-06-11
0.2537341,0.28632474,0.2195407,0.00022430833,0.14804925,0.09122985,0.00022425722,0.00022427549,0.00022424954,0.00022425428,2020-06-12
0.14269076,0.7296507,0.12520365,0.00035071195,0.00035076702,0.0003507063,0.00035064504,0.00035071332,0.00035069106,0.0003506952,2020-06-13
0.00014427956,0.3056156,0.00014428214,0.00014427898,0.34024122,0.24468772,0.00014426053,0.09283757,0.015896516,0.00014427338,2020-06-14
0.05485485,0.40505317,0.14864427,4.6699235e-05,0.12892361,0.017093597,4.6691635e-05,0.24524373,4.6701763e-05,4.669833e-05,2020-06-15
0.00017972667,0.2220216,0.01563628,0.062092748,0.03290039,0.28135416,0.00017968027,0.061287593,0.32416812,0.00017973468,2020-06-16
0.10783636,0.10005347,0.00019503866,0.00019501778,0.045151353,0.00019503765,0.00019498939,0.5391451,0.1829816,0.024052087,2020-06-17
0.00017251282,0.10526127,0.00017250943,0.0001725213,0.066229895,0.00017251488,0.00017247615,0.8026029,0.022319498,0.002723984,2020-06-18
0.00015932752,0.9025954,0.00015933685,0.00015931198,0.04070539,0.00015932358,0.0028237225,0.052919544,0.00015933753,0.00015931543,2020-06-19
0.0001566645,0.09829755,0.00015666013,0.17102958,0.0042577717,0.15386187,0.00015662152,0.23109551,0.3408311,0.00015665147,2020-06-20
0.036844376,0.22461456,0.008207475,8.579631e-05,0.036499303,8.57895e-05,8.576908e-05,0.40515074,0.26868623,0.019739943,2020-06-21
5.855705e-05,0.46437398,5.8560927e-05,0.018885171,0.16104637,0.06629422,5.8547892e-05,0.24372293,0.045443095,5.8561174e-05,2020-06-22
0.00023246408,0.030764794,0.00023244455,0.2110661,0.5582262,0.04063814,0.0002324009,0.13814831,0.020226669,0.00023247414,2020-06-23
0.0003979268,0.00039794168,0.00039796098,0.00039798112,0.9814045,0.015411867,0.0003978703,0.0003979449,0.0003980632,0.0003979403,2020-06-24
0.00023497241,0.2310821,0.00023496918,0.04033587,0.08256022,0.00023495022,0.00023495781,0.644612,0.00023495467,0.00023496829,2020-06-25
0.00012976323,0.03774007,0.03331658,0.00012976179,0.42715088,0.00012976507,0.00012973823,0.5010139,0.00012977414,0.00012975688,2020-06-26
0.0002276223,0.0002276035,0.86392295,0.00022759507,0.1342562,0.00022762519,0.00022758885,0.00022760949,0.00022759908,0.00022761016,2020-06-27
0.00018822936,0.38610417,0.00018822431,0.00018823137,0.44311076,0.0001882212,0.00018824878,0.10162571,0.068029985,0.00018823941,2020-06-28
8.591777e-05,0.2339123,0.06361111,0.058173113,0.025168683,0.5960391,8.5924956e-05,8.5923886e-05,0.022751935,8.591802e-05,2020-06-29
0.19209975,0.47977597,0.00029625677,0.00029625077,0.2691525,0.05719434,0.0002962017,0.0002962707,0.00029624676,0.00029624096,2020-06-30
0.0002611326,0.00026112492,0.037429668,0.046483174,0.018172124,0.15313645,0.0002610771,0.6504271,0.09330701,0.0002611182,2020-07-01
0.03543649,0.00022844167,0.00022848837,0.00022844363,0.067018464,0.00022843447,0.00022837053,0.7186881,0.17748639,0.00022844144,2020-07-02
0.005883736,0.12239124,5.677507e-05,0.006995076,0.00683622,5.677316e-05,5.676392e-05,0.85394627,5.6778495e-05,0.0037203634,2020-07-03
0.00017636654,0.033256963,0.00017635374,0.021897972,0.028364358,0.00017637335,0.00017632284,0.3170499,0.59854907,0.00017635894,2020-07-04
0.00018330943,0.067336135,0.013383459,0.11879084,0.00018333162,0.75317264,0.00018327584,0.046400446,0.00018330415,0.00018330486,2020-07-05
0.049019556,0.19223146,0.00014832449,0.09287091,0.09326241,0.0001483075,0.00014829086,0.065415226,0.416311,0.09044448,2020-07-06
0.00018521937,0.041304283,0.00018521666,0.00018520716,0.9572138,0.0001852059,0.0001853645,0.00018523596,0.00018523991,0.00018521931,2020-07-07
0.07215884,0.22431074,0.019586034,0.0001496026,0.012148549,0.5203733,0.0001495639,0.15082417,0.00014959266,0.00014959645,2020-07-08
0.0001610173,0.28315568,0.2626549,0.00016102099,0.3806846,0.00016105952,0.00016098713,0.065334275,0.007365475,0.00016101733,2020-07-09
0.028790897,0.42284298,0.0148857,0.09133424,0.10300378,0.008299838,4.5557612e-05,0.08070682,0.096308574,0.15378158,2020-07-10
0.024647493,0.015425229,0.6376901,0.0001126591,0.18354706,0.028234228,0.00011263296,0.08269771,0.000112657806,0.027420186,2020-07-11
0.14942798,0.017629394,0.35541448,0.00015510047,0.30034924,0.011861524,0.00015508456,0.13915753,0.025694525,0.00015511761,2020-07-12
0.0025314775,0.25381833,0.00011746137,0.00011748613,0.23143621,0.00011745412,0.00011744141,0.38383913,0.061640143,0.0662649,2020-07-13
0.00013484716,0.0855225,0.44681758,0.00013485257,0.15335874,0.00013486057,0.00013483076,0.053026423,0.004323817,0.25641158,2020-07-14
0.04642214,0.13613556,0.034782466,0.029415334,0.20543623,0.00015585472,0.00015582994,0.1387414,0.00015587448,0.4085993,2020-07-15
0.00019792408,0.79723126,0.00019793099,0.00019792658,0.014300455,0.00019792219,0.00019789001,0.18708286,0.00019792662,0.00019792814,2020-07-16
0.021399846,0.15849821,0.00036390868,0.034837037,0.0010798909,0.40769953,0.00036382274,0.37502995,0.00036388834,0.00036389488,2020-07-17
0.00030368188,0.00030370266,0.00030371375,0.00030383657,0.99726653,0.00030368572,0.00030373718,0.00030372478,0.0003037019,0.0003036947,2020-07-18
0.07782893,0.5125625,0.09516151,0.09070273,0.02932121,0.07010966,4.8163856e-05,0.066725075,0.045229215,0.012311028,2020-07-19
0.00013815911,0.08933557,0.0065456587,0.46921507,0.0034775757,0.361691,0.00013812428,0.057858445,0.00013815153,0.011462231,2020-07-20
0.100701876,0.3325496,0.022506194,0.0001316049,0.03664778,0.5069366,0.00013154779,0.0001315898,0.00013158747,0.00013157574,2020-07-21
4.9919337e-05,0.698665,0.008008649,0.00030928844,4.9919145e-05,4.9913473e-05,4.9909e-05,0.22151394,0.0044119325,0.06689148,2020-07-22
0.28315467,0.2796582,0.19981444,0.00010864839,0.06693571,0.041441407,0.002153752,0.12651587,0.00010866083,0.00010866363,2020-07-23
0.00776064,0.37921843,0.01995756,0.016179604,0.160748,0.046919532,4.4426295e-05,0.0744168,0.09426644,0.20048854,2020-07-24
0.068910845,0.58536637,0.070074484,0.020010896,0.16833796,0.018609745,4.6785626e-05,0.05448822,0.0141079165,4.6793128e-05,2020-07-25
7.709686e-05,0.8183789,0.047139395,0.014309762,0.027202621,0.021975499,7.707964e-05,0.048117388,0.022645133,7.7093166e-05,2020-07-26
0.037420347,0.41602474,0.06837757,0.00012260299,0.476404,0.00012260856,0.0001225868,0.0011602908,0.00012260226,0.00012260657,2020-07-27
0.00023140984,0.0100740995,0.38390172,0.00023140215,0.1432687,0.022465082,0.00023135048,0.38493568,0.054429192,0.00023138561,2020-07-28
0.2650271,0.13316445,0.12570256,0.00016578267,0.1629056,0.00016578069,0.00016574735,0.061798874,0.00016576164,0.25073832,2020-07-29
0.26543784,0.458863,0.13079299,0.00014446312,0.112093,0.0206333,0.0001444431,0.011602058,0.00014447738,0.00014447227,2020-07-30
0.071301915,0.61046296,0.088239975,0.0029097183,0.037028622,0.014601965,4.77199e-05,0.16213475,0.0068181907,0.0064541735,2020-07-31
0.018186491,0.00038906466,0.00020378148,0.00020380251,0.04079669,0.00020377619,0.00020373311,0.8906182,0.006962891,0.042231586,2020-08-01
4.8991173e-05,0.6908778,0.013322876,0.011411625,4.898893e-05,4.8985105e-05,4.8978174e-05,0.23870899,0.0049841986,0.040498547,2020-08-02
0.02641747,0.061844956,0.065378495,0.019835077,0.011707682,0.0070303185,0.000120325094,0.072683044,0.00012035413,0.7348623,2020-08-03
0.00027722586,0.9422531,0.0002772389,0.033581648,0.022224685,0.00027726928,0.00027714836,0.00027723855,0.0002772162,0.00027723506,2020-08-04
0.02061579,0.718075,0.017064316,0.007389971,0.12850472,8.6492684e-05,8.647803e-05,0.095013395,0.0098774815,0.0032863554,2020-08-05
0.29114294,0.30040562,0.09999096,0.00024126674,0.08631881,0.00024123813,0.00024120505,0.1671159,0.054060854,0.0002412539,2020-08-06
0.00023810491,0.2074773,0.00023810899,0.5187177,0.00023811057,0.0002381297,0.00023806185,0.09049541,0.18188092,0.00023813247,2020-08-07
0.00017601196,0.037964635,0.02133811,0.6872144,0.02606154,0.03390652,0.00017597574,0.1928108,0.00017600424,0.0001760154,2020-08-08
0.00013666035,0.69054234,0.00013667753,0.00013667908,0.00013667725,0.0001366714,0.00013666957,0.3083643,0.00013666482,0.00013666518,2020-08-09
0.23213133,0.38404763,0.13694231,0.00020036827,0.12635528,0.00020035368,0.0002003377,0.1195216,0.0002004054,0.00020036878,2020-08-10
0.00018612877,0.30983254,0.00018615217,0.050069466,0.077878945,0.12266365,0.00018609874,0.43862468,0.00018614357,0.00018613467,2020-08-11
0.00012838261,0.37154013,0.00012838554,0.00012839171,0.00012838385,0.43121713,0.00012835412,0.06264739,0.13382508,0.0001283749,2020-08-12
9.375426e-05,0.24810643,0.04048435,0.080807865,0.013248638,0.5190087,9.373762e-05,0.08458438,0.013478337,9.37566e-05,2020-08-13
0.062949166,0.6708681,0.12434476,0.0035655573,0.009241134,0.02065712,4.5294957e-05,0.10823833,4.5305034e-05,4.5305376e-05,2020-08-14
4.5222478e-05,0.6950875,0.022723489,0.026280701,4.522543e-05,0.014981786,4.521879e-05,0.014989522,0.066038586,0.15976276,2020-08-15
0.13925949,0.07785241,0.13502982,0.00599637,0.4556782,0.00018354383,0.0001834995,0.18544956,0.00018354299,0.00018355013,2020-08-16
0.00023961872,0.042458165,0.45353875,0.00023961412,0.4540696,0.008710617,0.00023960986,0.00023963273,0.00023961715,0.040024754,2020-08-17
0.115387104,0.044004373,0.48496705,0.00015276055,0.2008914,0.0001527321,0.00015272108,0.14212595,0.012013181,0.00015274715,2020-08-18
0.0002461239,0.00024613857,0.055466734,0.070551045,0.059833758,0.2982048,0.0027590643,0.50399065,0.00024612795,0.008455526,2020-08-19
0.10592261,0.5142958,0.14915404,0.019648243,0.07947196,0.06972117,4.5582343e-05,0.032012418,4.5591627e-05,0.029682519,2020-08-20
4.728979e-05,0.5746951,0.04349704,0.0136115085,0.12129906,0.015824005,4.727865e-05,0.030583147,0.03680408,0.1635914,2020-08-21
0.016237149,0.46631113,0.17153843,0.00047998712,0.20843825,0.00048000232,0.0004799591,0.13507506,0.0004799817,0.0004800573,2020-08-22
0.093107685,0.0004061099,0.116345145,0.00040614957,0.00667115,0.0004060859,0.00040605906,0.2628956,0.4923179,0.027038142,2020-08-23
0.0053223073,0.21165851,0.00036845845,0.00036843243,0.037520573,0.00036839244,0.00036837082,0.43030465,0.12983748,0.18388285,2020-08-24
0.10106026,0.00018073292,0.060305104,0.0001807111,0.05252464,0.00018071718,0.00018069158,0.6177561,0.16745028,0.00018071647,2020-08-25
0.40572417,0.53639364,0.00014917721,0.00014917669,0.00014917967,0.00014916496,0.00014914025,0.026403723,0.030583367,0.00014920202,2020-08-26
7.318132e-05,0.04769895,0.027627265,0.0067829466,0.5673292,7.318553e-05,7.316492e-05,0.26442802,0.067779094,0.018134939,2020-08-27
4.5392415e-05,0.48117918,0.0062055592,0.1509934,0.04879824,0.022219015,4.5383284e-05,0.1624073,0.012398984,0.115707524,2020-08-28
0.14006014,0.55443233,0.12223987,0.007966752,0.08506072,0.035128213,4.5326964e-05,0.019861525,0.035159744,4.532993e-05,2020-08-29
0.39389905,0.35314336,0.18803853,0.00016479104,0.010982755,0.0531124,0.00016475724,0.00016480626,0.00016478432,0.00016479108,2020-08-30
0.13031134,0.14377005,5.0290608e-05,5.028671e-05,0.0054710396,0.44675377,5.027987e-05,0.26783156,0.005661122,5.0288647e-05,2020-08-31
9.4765106e-05,0.0001112023,9.47682e-05,0.7389496,9.4765746e-05,0.08111024,9.474697e-05,0.122452766,0.05690239,9.476463e-05,2020-09-01
9.719227e-05,0.15569675,0.0051630535,9.7199096e-05,0.005386176,9.719792e-05,9.717771e-05,0.8331709,9.718932e-05,9.7202814e-05,2020-09-02
0.0465437,0.6405839,0.2409204,9.3197115e-05,0.050835118,9.319918e-05,9.318403e-05,0.0062564705,0.014337342,0.00024350658,2020-09-03
0.037984762,0.66793716,0.04317451,0.07264007,0.010883794,0.0032839205,5.8407728e-05,0.020855848,0.14312309,5.8418413e-05,2020-09-04
0.032132566,0.00016014394,0.13415498,0.0001601242,0.6982866,0.00016014586,0.0001601059,0.00016014458,0.00016012044,0.13446505,2020-09-05
0.2114109,0.5343781,0.052535404,5.132982e-05,0.058854375,0.08274141,0.0011312003,0.02893711,0.029908868,5.133048e-05,2020-09-06
0.14797509,0.06214732,0.7417128,0.0007344179,0.01954822,0.024944305,0.0007343905,0.0007344786,0.0007344808,0.0007344953,2020-09-07
0.084299915,0.51168317,0.10780773,0.030652782,0.038400885,0.026325926,4.5628854e-05,0.12764199,0.053066544,0.020075388,2020-09-08
0.00027874438,0.040150482,0.0002787325,0.0002787639,0.009896175,0.00027872704,0.00027868384,0.5827452,0.36553574,0.00027873076,2020-09-09
0.0002325178,0.18385403,0.00023251392,0.00023256098,0.0263445,0.00023252984,0.00023248151,0.76575756,0.022648731,0.00023253786,2020-09-10
0.00018182416,0.00018182752,0.11844578,0.00018183017,0.007365388,0.31041104,0.00018178886,0.00018182937,0.00018182966,0.56268686,2020-09-11
0.0001992384,0.00019924126,0.00019922404,0.02841386,0.09102255,0.00019921837,0.00019918675,0.8508228,0.009694359,0.019050311,2020-09-12
0.00014180967,0.9671458,0.00014181015,0.00014181147,0.031719662,0.00014180869,0.00014181719,0.00014182231,0.00014184303,0.00014180574,2020-09-13
0.00015430708,0.023047552,0.027674792,0.027657568,0.8542659,0.06658245,0.00015444074,0.00015429893,0.00015431156,0.00015429921,2020-09-14
0.00031545985,0.31017372,0.00031545764,0.00031549245,0.6873026,0.00031546687,0.0003154278,0.00031548072,0.00031545697,0.00031546815,2020-09-15
0.0003448351,0.1851557,0.00034483266,0.09854189,0.29925385,0.00034486406,0.00034481267,0.3452008,0.0701235,0.00034485894,2020-09-16
0.017261995,0.48301768,0.14852455,0.030690499,0.15242517,0.13814776,4.5765533e-05,0.027664851,0.0021759386,4.5753924e-05,2020-09-17
0.000111579546,0.21381055,0.016984276,0.00011157966,0.018487375,0.7230057,0.00011155676,0.027154207,0.00011158348,0.00011158331,2020-09-18
4.696109e-05,0.50467443,0.033769477,0.022963118,0.15017924,0.009029055,4.6950307e-05,0.09768287,0.023040593,0.15856725,2020-09-19
4.599954e-05,0.4301454,0.053191014,0.08117826,0.12008492,0.039272483,4.5989942e-05,0.098932,0.06126152,0.11584242,2020-09-20
0.041119687,0.26364687,0.00021605646,0.00021603199,0.11430844,0.5796288,0.00021600342,0.00021605402,0.00021603069,0.00021604553,2020-09-21
0.0001841684,0.041859798,0.00018417535,0.20349465,0.07321669,0.1888886,0.00018414368,0.14697015,0.34483343,0.00018420308,2020-09-22
0.000220817,0.11461747,0.030129805,0.02797017,0.0540445,0.032214366,0.00022075631,0.5159849,0.22437647,0.00022079854,2020-09-23
0.10213801,0.5758119,0.044653516,0.05878673,0.0343042,0.020370603,4.7101632e-05,0.15737699,4.709177e-05,0.006463827,2020-09-24
0.00014593512,0.016008278,0.018524762,0.0001459409,0.87388945,0.00014592952,0.00014589886,0.067074224,0.00014593128,0.023773639,2020-09-25
0.00019901748,0.00019900133,0.00019900498,0.00019900638,0.9982088,0.0001990001,0.00019897081,0.00019902446,0.00019907487,0.0001990429,2020-09-26
0.00022194536,0.5537425,0.00022197749,0.00022195811,0.42810193,0.00022193641,0.00022191345,0.00022197538,0.016601877,0.00022194097,2020-09-27
0.13574629,0.060081467,0.49529198,0.0001664805,0.069232106,0.00016647829,0.00016645106,0.10660823,0.13237403,0.00016647563,2020-09-28
0.3658108,0.32905614,0.0013469227,0.00018044803,0.1717598,0.09293012,0.00018042745,0.00018043548,0.03837444,0.00018043272,2020-09-29
0.027923536,0.0518135,0.00017326999,0.00017327367,0.12715133,0.70547634,0.00017323671,0.0728306,0.00017326206,0.014111699,2020-09-30
0.00020085543,0.75482625,0.00020085531,0.24356681,0.00020089102,0.00020087253,0.0002008434,0.00020087662,0.00020087215,0.00020085255,2020-10-01
0.056137703,0.6486935,0.12948725,0.04761686,0.056326892,4.7278714e-05,4.7273148e-05,0.023200616,0.026416546,0.012026146,2020-10-02
0.05238039,0.479339,0.024792923,0.08729142,0.08572266,4.486895e-05,4.486207e-05,0.03485004,0.07323524,0.16229859,2020-10-03
8.024315e-05,0.18128304,0.094729416,0.1644304,0.019315222,0.42968252,8.0223595e-05,0.06332618,0.046992473,8.024433e-05,2020-10-04
7.744919e-05,0.19082434,0.055024326,0.000529526,0.027785534,0.6777605,7.743506e-05,7.745383e-05,0.047765985,7.745368e-05,2020-10-05
0.00022568926,0.067898005,0.000225712,0.0002256967,0.10439476,0.00022568097,0.00022564895,0.82612747,0.00022569446,0.00022569639,2020-10-06
0.00053777837,0.021333251,0.039086398,0.0005378323,0.3188709,0.016950276,0.0005376916,0.47728795,0.12432013,0.00053776184,2020-10-07
0.00015223061,0.21550833,0.00015222919,0.30341527,0.00015224873,0.20804362,0.00015219944,0.18429846,0.08797322,0.00015222206,2020-10-08
0.037533652,0.07406281,0.28160253,0.00018851801,0.49204794,0.00018850439,0.00018847556,0.11381056,0.00018850734,0.00018850648,2020-10-09
0.00036946815,0.45147142,0.052734077,0.03556002,0.035377212,0.14258592,0.00036940316,0.00036949784,0.28079343,0.0003695068,2020-10-10
0.09852111,0.56146836,0.15228938,0.024539798,0.076386124,0.057265554,4.6912624e-05,0.020777587,0.008658235,4.6923727e-05,2020-10-11
0.021915745,0.027273921,0.035646077,0.00015134896,0.0072970325,0.69993293,0.00015130895,0.20732889,0.00015135581,0.00015134415,2020-10-12
0.096174546,0.23970138,0.07479491,0.00011981014,0.015611169,0.573119,0.00011978431,0.00011981261,0.00011979934,0.00011981081,2020-10-13
0.049475953,0.67035735,0.13770725,7.258765e-05,7.258607e-05,7.25933e-05,7.2571645e-05,0.055931192,0.086165294,7.259103e-05,2020-10-14
0.00029272845,0.00029274746,0.00029273436,0.00029270805,0.9973655,0.0002927442,0.00029269527,0.00029273969,0.00029271992,0.0002927277,2020-10-15
0.00011859081,0.00011858618,0.26391426,0.000118582204,0.4379679,0.29728776,0.00011856636,0.00011859268,0.00011858455,0.00011858754,2020-10-16
0.0002292088,0.00022921916,0.16569228,0.00022922356,0.81661624,0.016087042,0.00022917791,0.000229208,0.00022920358,0.00022922084,2020-10-17
0.00027961205,0.23262553,0.00027960047,0.022065038,0.7433522,0.00027960617,0.00027956252,0.00027960757,0.00027959078,0.00027964998,2020-10-18
5.0846458e-05,0.42188397,0.00097393163,0.05121954,0.15417291,5.0845636e-05,0.00051778334,0.13448265,0.07573571,0.16091183,2020-10-19
0.00034184149,0.22598931,0.06865429,0.21792978,0.059020605,0.019997898,0.00034185467,0.4070407,0.00034183354,0.0003418541,2020-10-20
0.015343724,0.68690133,0.10176521,0.03587819,0.10010296,0.0032089318,4.6156554e-05,0.046739224,0.009052185,0.00096210174,2020-10-21
0.12963957,0.45530728,0.13403808,0.07004917,0.103347234,0.0604004,4.757873e-05,0.031083824,0.016039344,4.7589885e-05,2020-10-22
0.00017975336,0.06113741,0.0001797532,0.011085991,0.06454469,0.00017975701,0.00017973145,0.7711775,0.09115571,0.00017977197,2020-10-23
4.728593e-05,0.50885123,0.020821802,0.04790361,0.08247566,4.728593e-05,4.727567e-05,0.06683277,0.03922961,0.23374349,2020-10-24
0.0146690635,0.092709064,0.0055483966,0.00011775372,0.00011776392,0.19472298,0.00011772774,0.5309246,0.16095486,0.000117755975,2020-10-25
0.748099,0.045072563,0.14364772,0.00021968571,0.00021972715,0.00021969575,0.00021963468,0.04708514,0.00021969267,0.014997152,2020-10-26
0.00021179012,0.00021181276,0.00021179474,0.02796771,0.01771085,0.0002117862,0.00021175148,0.9528389,0.0002118043,0.00021180135,2020-10-27
0.00015516308,0.66934484,0.04118651,0.0065523703,0.00015517372,0.0001551563,0.00015514018,0.28198525,0.00015517892,0.00015516688,2020-10-28
0.00014537091,0.18656176,0.006751678,0.00014535617,0.6044592,0.00014536866,0.00014534648,0.20135514,0.00014537806,0.00014537806,2020-10-29
0.00011914006,0.00011915473,0.21744274,0.00011914229,0.6036654,0.1123104,0.00011911732,0.0658666,0.00011913878,0.00011913231,2020-10-30
0.097801976,0.50942993,0.07587998,0.08595061,0.034217473,0.009065644,4.533224e-05,0.075330555,0.017909981,0.09436854,2020-10-31
0.00013935033,0.1961864,0.00013936473,0.02097949,0.1923301,0.00013934793,0.00013932413,0.5896679,0.00013935541,0.00013935052,2020-11-01
7.2805626e-05,0.6622593,0.042322636,0.0017183595,0.12787312,0.011886781,4.590955e-05,0.09467595,0.0060048774,0.053140268,2020-11-02
0.00011882866,0.19391446,0.00011882283,0.19316292,0.000118828546,0.000118827345,0.00011879563,0.14817,0.46403968,0.00011882016,2020-11-03
0.00017776316,0.00017777007,0.00017776364,0.00017776471,0.5712074,0.00017774987,0.00017773449,0.36677226,0.053018864,0.007934933,2020-11-04
0.00012192004,0.1146282,0.000121908524,0.000121917576,0.33974886,0.00012190784,0.000121890305,0.49225762,0.03842142,0.014334381,2020-11-05
0.19576545,0.4945325,0.08029132,0.07162737,0.018739449,0.06261574,4.79364e-05,0.056350786,0.019981451,4.794593e-05,2020-11-06
0.0049385563,0.22045197,0.024041463,0.05327545,0.033747386,0.5348053,9.4237184e-05,0.068562694,0.04244061,0.017642288,2020-11-07
0.00017526485,0.2392314,0.010732387,0.00017525585,0.05902117,0.008557062,0.00017522307,0.6815817,0.00017525132,0.0001752723,2020-11-08
0.00010528893,0.67930585,0.00010529117,0.00010531272,0.003170882,0.10514675,0.000105275256,0.11358082,0.09826928,0.00010528971,2020-11-09
0.00019188187,0.31006086,0.00019190696,0.17544696,0.00019190325,0.0001919006,0.00019184871,0.23566344,0.27767745,0.00019188154,2020-11-10
0.023293786,0.0150072435,0.037802547,0.00014493562,0.37357637,0.000144933,0.00014491279,0.54959536,0.00014493475,0.00014494223,2020-11-11
0.0015945649,0.0015946336,0.0015947841,0.09295208,0.023551807,0.0015946947,0.0015943045,0.87233377,0.0015947394,0.0015946258,2020-11-12
0.00017357782,0.047634423,0.00017357667,0.034790814,0.006413248,0.7751031,0.00017355739,0.12502109,0.00017356985,0.010343067,2020-11-13
0.00015423381,0.24972424,0.00015423443,0.35096416,0.00015425262,0.0001542301,0.00015420579,0.22446422,0.14989838,0.024177829,2020-11-14
0.00013209577,0.15366568,0.00013210202,0.57525104,0.00013209622,0.106988974,0.00013206927,0.10319653,0.060237247,0.00013211044,2020-11-15
0.51018006,0.007449213,0.011422787,0.00015257306,0.028961172,0.070024244,0.0001525517,0.29930323,0.01866603,0.053688195,2020-11-16
9.666144e-05,0.070668474,0.00037795815,0.0077956785,9.666706e-05,0.01661287,9.663849e-05,0.89135253,9.665822e-05,0.012805822,2020-11-17
0.13504024,0.6408734,0.040215332,0.023398772,0.036046892,0.042363994,5.1792358e-05,0.06281324,0.010899011,0.008297354,2020-11-18
0.00017223314,0.6340231,0.00017223248,0.00017221892,0.2853255,0.00017219878,0.00017221858,0.00017222055,0.0001722133,0.07944594,2020-11-19
0.00015296102,0.24376753,0.00015296975,0.00015295147,0.083180144,0.53488314,0.0001529293,0.13725145,0.00015295771,0.00015295911,2020-11-20
0.02902705,0.06634883,0.00040866583,0.0004086644,0.008792071,0.0004086671,0.00040857625,0.09391233,0.79987645,0.0004086957,2020-11-21
0.07219009,0.14356989,0.0002627322,0.0002627305,0.099082604,0.44658336,0.00026265444,0.22200447,0.00026274027,0.015518697,2020-11-22
0.00019928723,0.538258,0.00019928435,0.03954175,0.019125901,0.09605555,0.0001992484,0.2993077,0.0069139404,0.00019928392,2020-11-23
0.09794606,0.27073953,0.00016624722,0.00016624467,0.0001662583,0.024087343,0.00016620226,0.17747422,0.063018575,0.36606935,2020-11-24
0.083772644,0.08244849,0.22034822,0.004094384,0.2713228,0.00016480313,0.00016477145,0.0001648068,0.00016480207,0.33735424,2020-11-25
0.0001401523,0.13216634,0.026554797,0.015011519,0.0011552866,0.003972501,0.00014012205,0.7031316,0.11758751,0.00014015044,2020-11-26
0.045336377,0.6102321,0.040869974,0.047739986,0.025498874,4.5739347e-05,4.5729692e-05,0.054293144,0.028764404,0.14717373,2020-11-27
7.080684e-05,0.23800948,0.010888096,7.080853e-05,0.5375923,0.017078476,7.07936e-05,0.1605651,0.00546376,0.03019039,2020-11-28
0.00041839524,0.34028253,0.00041839315,0.00041846317,0.5495438,0.0004184052,0.0004184502,0.00041842138,0.017149733,0.09051347,2020-11-29
0.00019452156,0.00019449927,0.000194502,0.00019447833,0.043291826,0.00019450599,0.00019445398,0.74939686,0.20594987,0.00019448281,2020-11-30
0.00017893853,0.27037385,0.006330439,0.0001789506,0.045801625,0.11577729,0.00017890106,0.5608221,0.00017892443,0.00017894073,2020-12-01
0.00018648693,0.18594484,0.00018649975,0.04164286,0.0027528116,0.00018648586,0.00018644305,0.31591228,0.45281485,0.00018647892,2020-12-02
0.00018256035,0.04162166,0.00018256369,0.06727553,0.29533905,0.12096587,0.0020444135,0.375514,0.0001826342,0.09669178,2020-12-03
0.00017573686,0.021417636,0.00017572133,0.00017573523,0.06057847,0.00017573847,0.00017569472,0.50568616,0.41126335,0.0001757567,2020-12-04
0.18362288,0.5686851,0.00018419296,0.00018423155,0.00018421908,0.00018424135,0.00018425216,0.080327146,0.16625954,0.00018423329,2020-12-05
0.00014959763,0.81754667,0.00014958608,0.00014959603,0.00014959722,0.00014959146,0.00014957586,0.11454766,0.06685852,0.00014958993,2020-12-06
0.00011773065,0.574258,0.000117737705,0.13787812,0.00011773492,0.07742615,0.00011770441,0.02417662,0.15733586,0.028454343,2020-12-07
0.00010873478,0.14420821,0.00011296994,0.0040489216,0.72558635,0.0001087316,0.000108822576,0.12271499,0.0028934777,0.000108739914,2020-12-08
0.00942444,0.015175964,0.021237878,0.056262355,8.262193e-05,8.2610866e-05,8.259291e-05,0.0076940046,8.261106e-05,0.88987494,2020-12-09
0.0153618865,0.00013294589,0.22706965,0.00013293933,0.5474881,0.10234029,0.00013292761,0.000132947,0.0250385,0.082169846,2020-12-10
0.00022891088,0.00022891258,0.037402976,0.22518486,0.67866766,0.00022891749,0.00022886784,0.05737105,0.00022892446,0.00022892191,2020-12-11
5.704041e-05,0.06045263,0.028868802,5.703965e-05,0.54087377,5.7035366e-05,5.7068966e-05,0.31948325,0.04130605,0.008787335,2020-12-12
0.62607396,0.13947459,0.12665562,0.000187588,0.06669555,0.0001875889,0.00018756263,0.022480225,0.00018761132,0.017869705,2020-12-13
0.00040438861,0.27422717,0.0004044343,0.023867114,0.69907475,0.00040445552,0.00040433346,0.00040443937,0.0004044653,0.0004044175,2020-12-14
0.07299054,0.46424472,0.07110449,0.038853925,0.20107187,0.018146815,4.6191504e-05,0.10234355,0.007103932,0.024093928,2020-12-15
0.00016640374,0.33399564,0.00016642571,0.00016640848,0.00016641394,0.00016638562,0.00016636778,0.6404714,0.024368165,0.00016639661,2020-12-16
0.00016656973,0.2997219,0.00016656813,0.00016657954,0.00016657433,0.42197937,0.00016653298,0.07552171,0.20177759,0.00016655994,2020-12-17
0.00016860847,0.000168624,0.0001686129,0.00016863193,0.14147069,0.024828667,0.00016857655,0.5827291,0.113663465,0.13646501,2020-12-18
0.0001670321,0.023768224,0.00016703884,0.00016703602,0.084716626,0.00016703649,0.00016700706,0.89034593,0.0001670289,0.00016703409,2020-12-19
0.005272431,0.5916883,4.76774e-05,0.01155841,0.04841146,4.767702e-05,4.7680023e-05,0.34283108,4.767741e-05,4.7675767e-05,2020-12-20
0.009807247,0.30628553,0.3149042,0.0371687,0.24355681,4.4759036e-05,0.0009693606,0.08108974,0.0030058438,0.003167799,2020-12-21
0.124599285,0.46968564,0.07127402,0.024246799,0.19956215,0.030932315,4.659435e-05,0.06334516,0.00017376622,0.01613424,2020-12-22
0.21081987,0.35059905,0.00020125136,0.0002012487,0.10852002,0.00020123144,0.00020119603,0.32885355,0.00020128413,0.00020126207,2020-12-23
0.015675701,0.119912885,0.015483844,0.0001382546,0.13818897,0.00013827214,0.00013823247,0.4412632,0.0001382838,0.26892236,2020-12-24
0.00021280404,0.28670937,0.00021277937,0.05560349,0.00021279641,0.00021278262,0.00021274375,0.30193824,0.34874615,0.0059388373,2020-12-25
0.48527145,0.03712802,0.14126274,0.00022076676,0.054833848,0.19804691,0.00022070216,0.00022075963,0.0002207681,0.08257404,2020-12-26
0.021688396,0.647832,0.017317155,0.00016245643,0.00016245761,0.07775814,0.00016241777,0.22142407,0.013330487,0.00016248258,2020-12-27
0.008392251,0.7016388,0.00016231126,0.00016229672,0.033431977,0.034161497,0.000162272,0.22156401,0.00016230572,0.00016231816,2020-12-28
0.00013404404,0.15699373,0.058185842,0.107968956,0.01574475,0.104983054,0.00013402828,0.5199221,0.0001340418,0.035799537,2020-12-29
0.0002803055,0.00028031503,0.0002803158,0.00028037734,0.8264583,0.16301072,0.00028026197,0.00028032996,0.00028032297,0.008568817,2020-12-30
0.0002075144,0.21024421,0.00020750021,0.047889784,0.043632865,0.00020751922,0.0002074666,0.38381872,0.31337693,0.00020750576,2020-12-31
0.00022319585,0.4016995,0.00022319739,0.110372946,0.049161058,0.22958387,0.00022314143,0.12563568,0.082654215,0.00022316756,2021-01-01
0.10744088,0.62049997,0.02696835,0.033350024,0.0628732,0.017580306,4.5934583e-05,0.0014421358,0.05584827,0.07395095,2021-01-02
0.029467287,0.101939775,0.00033438578,0.00033435805,0.72044635,0.07081893,0.00033427175,0.07565596,0.00033434643,0.00033436855,2021-01-03
0.00043101207,0.10331369,0.00043104228,0.00043101874,0.01243918,0.00043099522,0.00043093984,0.8812301,0.00043104193,0.00043099248,2021-01-04
0.00020824518,0.36468008,0.00020820918,0.0036326803,0.18030961,0.00020819159,0.00020816307,0.18335642,0.26698017,0.00020821758,2021-01-05
0.0002083077,0.114549085,0.00020830426,0.3997615,0.00020832513,0.00020830329,0.00020831483,0.363959,0.022754772,0.09793408,2021-01-06
5.4074186e-05,0.16739097,0.053026102,0.009712995,0.36100414,5.406896e-05,5.4062217e-05,0.40474296,0.0021436822,0.0018169351,2021-01-07
0.00021453905,0.42825595,0.009397532,0.00021453538,0.30879837,0.00021453592,0.00021449776,0.25226098,0.00021455245,0.00021453475,2021-01-08
0.00017348572,0.171512,0.00017349125,0.10808413,0.00017348281,0.35930493,0.0001734521,0.054866325,0.30536526,0.00017348242,2021-01-09
0.07049221,0.60731554,0.012785268,0.05132381,0.07094989,0.02202134,4.578608e-05,0.031215813,0.03082268,0.103027724,2021-01-10
0.00017844288,0.7807185,0.0001784482,0.0001784489,0.09807274,0.00017844286,0.00017841521,0.0023138043,0.039274912,0.07872784,2021-01-11
0.031704187,0.07513233,0.00020547745,0.020584686,0.00020549502,0.8027623,0.00020543941,0.056886338,0.00020547313,0.012108296,2021-01-12
0.5999933,0.016262762,0.00017303448,0.10915987,0.00017304762,0.16637218,0.00017299083,0.107346766,0.00017304142,0.00017303528,2021-01-13
0.00013766141,0.00013767311,0.00013766935,0.00013767688,0.5191187,0.00013766583,0.00013764115,0.17610249,0.29449663,0.009456148,2021-01-14
0.05691861,0.14332384,0.07131907,0.034769025,0.05148959,0.57654333,0.00012793012,0.048492625,0.016887978,0.00012796324,2021-01-15
0.03302022,0.00012858557,0.45245552,0.00012857544,0.04928046,0.003811566,0.0001285539,0.15419465,0.012724778,0.2941271,2021-01-16
0.006709712,0.030358996,0.00015403387,0.017061194,0.1344568,0.00015402335,0.00015398892,0.8106432,0.00015402763,0.00015403012,2021-01-17
0.026974952,0.11421729,0.00011870809,0.000118718504,0.018281683,0.10639366,0.00011869158,0.6101649,0.08816764,0.035443828,2021-01-18
0.00021794334,0.038042963,0.00021796074,0.04487318,0.088049985,0.22948533,0.00021792231,0.15955266,0.43912408,0.0002179506,2021-01-19
0.00052575866,0.40499026,0.000525809,0.22874132,0.000525895,0.00052581466,0.0005256704,0.00052577956,0.36258793,0.000525753,2021-01-20
0.034034554,0.22518232,0.00020399572,0.34092802,0.00020398061,0.000203997,0.00020394193,0.07795002,0.30740795,0.013681226,2021-01-21
0.00019356642,0.21230893,0.039707087,0.00019356085,0.016713345,0.65983546,0.00019351291,0.070467465,0.00019355127,0.00019355491,2021-01-22
0.00020004148,0.61195165,0.00020006362,0.00020002719,0.17194942,0.00020004268,0.00019999249,0.15275475,0.062144037,0.00020001877,2021-01-23
0.00018207291,0.1894495,0.00018206755,0.0001821005,0.18355332,0.0001820703,0.00018215567,0.62572247,0.00018209835,0.00018206981,2021-01-24
0.23545633,0.48543563,0.16774248,0.00016418788,0.022212893,0.00787293,0.00016416422,0.08062296,0.00016419865,0.0001641932,2021-01-25
0.00015381804,0.29062074,0.004982705,0.041190922,0.00015383928,0.3355245,0.00015379064,0.27034384,0.056722026,0.00015382074,2021-01-26
0.000120184704,0.123044506,0.0028585421,0.107756756,0.00012018053,0.1393892,0.00012015995,0.30079976,0.3090144,0.016776346,2021-01-27
0.055509128,0.6288449,0.071760096,0.06839915,0.07409056,0.037762348,4.600972e-05,0.020721823,0.00283145,0.040034477,2021-01-28
0.004999424,0.18136951,0.0032067061,0.047294345,0.0057489653,0.73357195,8.126649e-05,8.1287224e-05,0.023565196,8.129586e-05,2021-01-29
0.05609255,0.010302605,9.7013704e-05,0.16086489,9.700246e-05,0.04072568,9.698356e-05,0.29334614,0.4382801,9.70075e-05,2021-01-30
0.000143692,0.00014369245,0.00014370203,0.00014368766,0.6507123,0.029737819,0.0001436628,0.28823358,0.00980745,0.020790448,2021-01-31
0.0027856675,0.0027854647,0.0027856464,0.002785234,0.57266504,0.0027856708,0.0027851178,0.4050507,0.0027859856,0.002785517,2021-02-01
0.021363923,0.5553894,0.039821498,4.6306664e-05,0.1085919,0.048867997,4.6296467e-05,0.07157152,0.04975164,0.10454951,2021-02-02
4.9210405e-05,0.6192744,4.9210976e-05,0.006054711,0.15834188,4.9212544e-05,4.9202572e-05,0.21603371,4.921402e-05,4.921717e-05,2021-02-03
0.00019153632,0.00019154193,0.00019154407,0.00019155233,0.921355,0.00019153865,0.00019150585,0.06151017,0.015794028,0.00019154619,2021-02-04
0.00012327805,0.16200852,0.00012328771,0.051933784,0.64644325,0.00012328126,0.0001232609,0.00012329253,0.00012328647,0.13887472,2021-02-05
0.00018878828,0.47393417,0.0001887806,0.00018878473,0.1367145,0.00018878162,0.00018875478,0.11267057,0.00018881095,0.275548,2021-02-06
0.058441322,0.625731,0.00035582404,0.00035583766,0.31333682,0.00035582884,0.00035579663,0.00035586892,0.00035583467,0.00035584578,2021-02-07
0.029297817,0.50445473,5.058487e-05,5.058172e-05,0.14235632,0.022611745,5.057207e-05,0.2825506,0.010742977,0.007834012,2021-02-08
0.00020765117,0.13055837,0.00020767089,0.00020765004,0.2610028,0.00020766874,0.00020761715,0.58790964,0.013179546,0.0063113817,2021-02-09
0.022743281,0.94457835,0.00017109407,0.00017106398,0.00017107002,0.00017106412,0.00017103442,0.012890053,0.018761918,0.00017106504,2021-02-10
0.24387963,0.0001291501,0.39751568,0.0001291546,0.029047973,0.0001291486,0.00012912552,0.18364228,0.04527661,0.10012126,2021-02-11
0.0001376738,0.00013767743,0.28793526,0.00013766852,0.5325851,0.00013766527,0.0001376485,0.17851603,0.000137676,0.00013767513,2021-02-12
0.0068303375,0.65463173,0.11192817,0.0058530085,0.0820575,0.048205547,4.7189802e-05,0.03474664,0.03088982,0.02481005,2021-02-13
0.0004014648,0.664031,0.00040149258,0.055070795,0.07716506,0.00040149502,0.00040150734,0.0004014498,0.00040147093,0.20132425,2021-02-14
0.0002368033,0.5434941,0.00023681733,0.025523998,0.25566,0.0002369016,0.00023676113,0.024175167,0.00023682567,0.14996262,2021-02-15
0.00021570624,0.37418744,0.00021571315,0.00021573146,0.24404718,0.00021569656,0.0002156753,0.3802555,0.00021568846,0.00021570962,2021-02-16
0.00017742488,0.06557702,0.019083798,0.00017740925,0.91409725,0.0001774129,0.00017740126,0.0001774522,0.00017741945,0.0001774387,2021-02-17
0.00014942276,0.00014941978,0.013524252,0.052682675,0.018366031,0.37793526,0.00014939498,0.020674895,0.00014943241,0.5162192,2021-02-18
0.15512232,0.060140945,0.11570357,0.0022920999,0.0076014875,0.49137688,0.00013125113,0.14195067,0.025549507,0.00013127518,2021-02-19
0.00012382679,0.6830337,0.14535438,0.00015335387,0.031775586,0.03874419,0.0001238057,0.06804604,0.014662537,0.017982591,2021-02-20
7.75239e-05,0.23742758,0.014324667,0.023547176,0.0002739238,0.6073942,7.7507146e-05,0.06811189,0.043290097,0.005475423,2021-02-21
4.0993767e-05,0.064773396,0.0023585488,0.07011572,0.3354694,0.026662191,4.0986728e-05,0.37930962,0.10634667,0.014882491,2021-02-22
0.0563598,0.7363726,0.05546099,0.015501907,0.029372398,0.005774741,4.6591234e-05,0.051342923,4.6597197e-05,0.04972146,2021-02-23
0.000120919605,0.000120921315,0.121802725,0.00012091494,0.79371095,0.060798816,0.000120899196,0.022961995,0.000120911696,0.00012091961,2021-02-24
0.00018597924,0.00018596312,0.11158823,0.006076289,0.7888838,0.00018596162,0.0001859223,0.09233587,0.00018596715,0.00018595772,2021-02-25
0.032596808,0.6123698,0.20836386,0.00012449073,0.11239747,0.00012449092,0.00012448434,0.0336496,0.00012450229,0.00012450137,2021-02-26
0.03173071,0.55141574,0.018104354,0.11827513,0.02616324,0.00016985252,0.00016978318,0.19874792,0.05505346,0.00016982423,2021-02-27
0.000321676,0.0058532446,0.00032163953,0.0003216385,0.98655456,0.00032162364,0.00032160128,0.00032167675,0.00032167358,0.005340678,2021-02-28
0.0122794965,0.71515864,0.041847467,0.041556668,0.069146834,4.7239297e-05,4.7227586e-05,0.07977076,0.028319929,0.011825732,2021-03-01
0.00017526094,0.47245386,0.00017528655,0.07239929,0.2328622,0.19220226,0.00017523854,0.029206058,0.0001752881,0.0001752718,2021-03-02
0.08963364,0.08210427,0.07223047,0.019843077,0.02043808,0.39183074,0.00012507156,0.29355037,0.000125111,0.030119149,2021-03-03
0.03486772,7.2969844e-05,0.024608139,7.29685e-05,0.0077322866,0.04810012,7.295552e-05,0.63915783,0.20239949,0.04291554,2021-03-04
0.6249921,0.09751049,0.13424008,0.00014100049,0.012432427,0.00846995,0.00014096359,0.072191074,0.04974089,0.00014101344,2021-03-05
0.09166739,0.6880813,0.06333396,0.00029648666,0.15513839,0.000296464,0.0002964518,0.00029650884,0.0002965263,0.00029646937,2021-03-06
0.40503258,0.03580277,0.00024173268,0.00024185,0.0063804123,0.00024175184,0.00024169721,0.403599,0.14797644,0.00024176782,2021-03-07
0.0045944913,0.58326405,0.063659206,0.01971456,0.048742525,0.06471212,4.5899684e-05,0.08936462,0.044577647,0.08132494,2021-03-08
0.00014104867,0.69874406,0.102093674,0.00014105545,0.095213376,0.00014105694,0.00014104138,0.1031026,0.00014104783,0.00014105695,2021-03-09
0.012816873,0.08137339,0.00022648585,0.0002264719,0.87131375,0.00022646668,0.00022645605,0.03313719,0.00022645922,0.0002264832,2021-03-10
0.00029874523,0.00029875862,0.00029880207,0.00029881546,0.92351174,0.00029879413,0.00029868458,0.07409818,0.00029876002,0.0002987741,2021-03-11
0.07453536,0.16155715,0.058349222,0.078001425,0.11522344,0.44247693,8.530562e-05,0.012316203,0.023338225,0.034116708,2021-03-12
0.13197516,0.6444229,0.12437923,0.0002485979,0.05367489,0.00024860672,0.00024857678,0.044304755,0.00024862678,0.0002486139,2021-03-13
0.09254047,0.46886975,0.1693448,0.004080915,0.2168165,0.0001656934,0.00016567514,0.047684807,0.00016569973,0.00016569473,2021-03-14
0.05579801,0.00017797889,0.16407596,0.00017797228,0.36059836,0.2204919,0.00017794641,0.18780166,0.010522216,0.00017797152,2021-03-15
0.05631362,0.7537392,0.09119858,0.018920569,0.019601695,0.008281723,4.583615e-05,0.0074721216,4.5845365e-05,0.044380825,2021-03-16
0.00020934056,0.33614156,0.00020934407,0.06918321,0.00020932812,0.00020932757,0.0002092863,0.5932099,0.00020933042,0.00020934216,2021-03-17
0.65142155,0.090458974,0.00015415801,0.0001541449,0.11479275,0.14240186,0.00015411862,0.00015416168,0.0001541419,0.00015415449,2021-03-18
0.021569094,0.87662864,0.00014979167,0.011064403,0.00014978289,0.00014978228,0.00014976502,0.07062533,0.01936366,0.00014977329,2021-03-19
0.01949621,0.038700312,0.055724848,0.04232054,0.009181878,0.61270285,0.00013348833,0.1045773,0.00013350447,0.117029086,2021-03-20
0.0001662125,0.00016620776,0.00016624005,0.00016620579,0.7042057,0.00016620343,0.0001661768,0.21215276,0.00016622123,0.08247804,2021-03-21
0.0002914009,0.33617288,0.00029139535,0.00029136986,0.44894063,0.00029138563,0.00029134154,0.029660631,0.000291409,0.18347749,2021-03-22
0.00029539017,0.02645911,0.0002954333,0.00029535498,0.9711779,0.00029540624,0.00029534474,0.0002954013,0.00029539005,0.00029535955,2021-03-23
0.00025682081,0.46445185,0.00025677084,0.0002567587,0.20291133,0.00025677602,0.0002567049,0.3111711,0.019925097,0.00025674366,2021-03-24
0.06286673,0.36648506,0.00022517658,0.25633207,0.021746632,0.0002251939,0.00022513706,0.27549428,0.016174512,0.0002251967,2021-03-25
0.5015101,0.38848695,0.050808575,0.00026213017,0.00026217208,0.00026213785,0.00026210176,0.057621516,0.00026213677,0.00026215825,2021-03-26
0.00020121202,0.3365596,0.000201245,0.00020122743,0.00020123438,0.6588495,0.00020117656,0.0031824582,0.00020119817,0.00020122556,2021-03-27
0.00017842479,0.99132925,0.00017840935,0.00017842141,0.007243411,0.00017843179,0.00017837706,0.0001784282,0.00017843232,0.00017839746,2021-03-28
0.00016425905,0.51770765,0.00016424966,0.008020774,0.00016425861,0.425575,0.00016422854,0.034523893,0.00016426068,0.013351359,2021-03-29
0.09594807,0.7245478,0.01168094,4.977408e-05,4.977494e-05,4.9773796e-05,4.9767936e-05,0.09504819,0.07252611,4.977951e-05,2021-03-30
0.00012879877,0.79673326,0.030626828,0.013829168,0.018914593,0.00012881309,0.00012878423,0.011889147,0.017170485,0.11045009,2021-03-31
0.00013033122,0.56420404,0.026956815,0.00013033314,0.00013033391,0.00013032106,0.00013030176,0.40792692,0.00013033752,0.0001303223,2021-04-01
0.031116607,0.69688505,0.019431466,0.049073976,0.032066185,0.07446472,4.6908557e-05,0.002146935,4.691627e-05,0.09472126,2021-04-02
0.3618195,0.37826914,0.0307922,0.025411602,0.0010478117,0.04007428,4.4752338e-05,0.14414746,0.009158546,0.009234668,2021-04-03
0.029447958,0.00025138923,0.015565965,0.0002513598,0.86923116,0.00025136236,0.0002513543,0.084246665,0.0002513808,0.00025139182,2021-04-04
0.048516728,0.7338442,0.022627005,4.961283e-05,4.961058e-05,4.9606613e-05,4.9600578e-05,0.09799255,0.07012354,0.02669747,2021-04-05
0.036871053,0.00039491386,0.0003949594,0.019242117,0.04423446,0.0003948665,0.00039481878,0.4569304,0.44074747,0.0003949416,2021-04-06
0.2637089,0.29168093,0.027339594,0.00016180195,0.40789637,0.00016181459,0.00016178617,0.008565183,0.00016182796,0.00016181065,2021-04-07
0.30684632,0.5886248,0.09530828,0.0001575208,0.008275519,0.00015752106,0.00015747955,0.00015751623,0.00015759334,0.000157528,2021-04-08
0.00014542611,0.9094877,0.00014542301,0.00014542272,0.00014543587,0.00014543484,0.00014539614,0.08934891,0.00014542374,0.00014542388,2021-04-09
0.013899384,0.30888358,9.713682e-05,0.04252398,0.012295557,0.52890825,9.7159646e-05,0.05975274,0.033445057,9.712908e-05,2021-04-10
0.00020305664,0.82990766,0.005442693,0.00020307252,0.00020305057,0.00020305905,0.00020301828,0.13148178,0.031949565,0.00020303986,2021-04-11
0.008912406,0.15818927,0.00020899219,0.4164087,0.00020900235,0.00020901326,0.00020895078,0.3236513,0.09179337,0.00020900628,2021-04-12
0.0002044076,0.16461104,0.00020442074,0.00020442822,0.045462925,0.00020441216,0.0002043726,0.7884952,0.00020442207,0.00020440295,2021-04-13
0.5463242,0.00014445563,0.00014445798,0.00014445433,0.22961102,0.22305366,0.00014442051,0.00014444887,0.00014444295,0.0001444501,2021-04-14
0.033170123,0.81729007,0.031802546,0.010653743,0.04702934,4.5899695e-05,4.5891145e-05,0.029274216,4.5901153e-05,0.030642241,2021-04-15
0.00026417413,0.00026416063,0.03314699,0.00026414564,0.7910838,0.17392002,0.0002641426,0.00026419386,0.00026413196,0.00026419753,2021-04-16
0.013367396,0.08242081,0.5118989,0.01937065,0.30444515,0.06620845,0.0005721376,0.0005722031,0.00057215744,0.000572153,2021-04-17
0.04302565,0.090242736,0.00023485936,0.15778445,0.021606214,0.00023487594,0.00023480882,0.22771418,0.45868734,0.00023486842,2021-04-18
0.39136332,0.00018870806,0.157293,0.00018869055,0.2504525,0.19975908,0.00018866346,0.00018870934,0.00018868786,0.0001887068,2021-04-19
0.00016702122,0.21858719,0.04308253,0.000167034,0.0050191884,0.39961725,0.00016698355,0.33012605,0.0028997315,0.00016702653,2021-04-20
8.077164e-05,0.14041372,0.06370996,0.075664535,8.07742e-05,0.6446082,8.07555e-05,0.018929396,0.056351133,8.0773054e-05,2021-04-21
0.06087154,0.7057775,0.02786385,0.019067118,0.04202019,0.08578456,4.614147e-05,0.029165655,0.02935732,4.6133715e-05,2021-04-22
0.00012598149,0.00014927254,0.04935283,0.00012597631,0.8767446,0.00012597861,0.00012595758,0.072997436,0.00012597769,0.0001259792,2021-04-23
0.14710939,0.5752915,0.075167805,0.021651203,0.15704986,0.00013642466,0.00013639273,0.023184573,0.00013643615,0.0001364099,2021-04-24
0.033381566,0.70828646,0.05196824,0.02865473,0.08406621,0.009721513,4.723372e-05,4.7244863e-05,0.0059321797,0.077894576,2021-04-25
0.461424,0.2960354,0.12165442,0.00023859064,0.00023862952,0.00023858646,0.0002385607,0.00023861411,0.00023860048,0.11945461,2021-04-26
0.00020821752,0.962835,0.022769855,0.005491958,0.0002082237,0.00020820764,0.00020817776,0.00020823142,0.0002081973,0.0076539028,2021-04-27
0.00015171398,0.060682368,0.00015171117,0.14215259,0.024626622,0.57725745,0.00015167684,0.14232583,0.05234834,0.00015171673,2021-04-28
0.56542355,0.22004685,0.07241928,0.00017023298,0.01575266,0.043152053,0.00017021583,0.00017024345,0.0001702196,0.08252471,2021-04-29
0.00017745332,0.53164726,0.00017746077,0.00017745003,0.21248499,0.0001774484,0.00017742922,0.25462562,0.00017744878,0.00017744742,2021-04-30
0.06484447,0.74205005,0.0046515805,0.00016331954,0.058629103,0.00016331315,0.0020471585,0.07914837,0.048139308,0.00016333515,2021-05-01
0.05848603,0.18259947,0.044128723,0.00013477524,0.0009713685,0.6573441,0.00013473822,0.055931214,0.00013476555,0.00013477147,2021-05-02
0.00010923416,0.14239176,0.010573766,0.030428315,0.00010922693,0.00010921631,0.00010919746,0.80899674,0.0070633143,0.00010921844,2021-05-03
0.013332135,0.23829262,0.00010782415,0.000107818196,0.00010782803,0.00010782124,0.00010787399,0.67560536,0.07212291,0.00010781622,2021-05-04
9.8000666e-05,0.26370612,9.80041e-05,0.2561465,0.011722483,0.42074198,9.798537e-05,0.0423294,0.004961568,9.801329e-05,2021-05-05
0.021946944,0.3055701,0.01230095,0.06378729,0.036368478,0.036318712,0.00018788406,0.52314377,0.00018792407,0.00018791584,2021-05-06
0.028107123,0.14845559,0.1090052,0.00021343344,0.34795937,0.0002134434,0.00021341223,0.34428617,0.0002134622,0.021332819,2021-05-07
0.18672776,0.30636543,0.00019158653,0.00019157503,0.054004006,0.45175338,0.00019153932,0.000191574,0.0001915646,0.00019157869,2021-05-08
0.008472055,0.12718093,0.04082126,0.00015092452,0.027789341,0.67214113,0.0032921766,0.11985032,0.0001509173,0.0001509276,2021-05-09
0.009811892,0.07746017,0.00014841388,0.21444757,0.00014842604,0.08739183,0.00014838105,0.4635174,0.14631185,0.0006141073,2021-05-10
0.00013614698,0.7131321,0.03464632,0.00013613915,0.00013615174,0.00013614476,0.00013611683,0.25126854,0.00013619343,0.00013613554,2021-05-11
0.10585328,0.6680567,0.020535966,0.10891904,4.674944e-05,4.674612e-05,4.673956e-05,0.01819295,0.069209106,0.009092726,2021-05-12
0.0001281962,0.24575704,0.00012823161,0.07630617,0.15491511,0.25858188,0.00012817526,0.00012820691,0.017152958,0.24677402,2021-05-13
0.7563212,0.059000194,5.6767665e-05,5.6765908e-05,0.0007087428,5.6764802e-05,5.675595e-05,0.1385623,0.0449525,0.00022800383,2021-05-14
0.00016010851,0.15729584,0.068377696,0.34141213,0.00016011037,0.00016011184,0.00016007166,0.41190863,0.02020514,0.00016013566,2021-05-15
0.06296338,0.7229635,0.019620506,0.007320105,0.067617975,4.6832414e-05,0.0007066339,0.059506085,0.035640273,0.02361464,2021-05-16
0.00021485751,0.00021487435,0.078944,0.00021485904,0.7962718,0.117021136,0.00021483477,0.00021486549,0.00021487064,0.006473876,2021-05-17
0.0008160155,0.26313016,0.000816268,0.6840078,0.00081619265,0.047149513,0.0008159585,0.0008160299,0.0008160172,0.00081603555,2021-05-18
0.00043825517,0.33250782,0.00043832988,0.041915674,0.00043832377,0.0004382269,0.00043816428,0.6225083,0.00043820596,0.00043871868,2021-05-19
0.02426413,0.07575062,0.2797197,0.0002777498,0.31324726,0.00027777877,0.00027771882,0.00027775695,0.00027777517,0.30562946,2021-05-20
0.00018960117,0.21522209,0.00018960155,0.10852029,0.0001896132,0.5028131,0.00018958034,0.04171266,0.13078381,0.00018959824,2021-05-21
0.09672077,0.05057971,0.059560616,0.06465469,0.000116860065,0.6163288,0.00011683433,0.09559587,0.000116855124,0.016209068,2021-05-22
0.00013366494,0.69842863,0.26497385,0.00013367801,0.008589246,0.007905924,0.00013365613,0.0041384753,0.00013366168,0.015429266,2021-05-23
0.03064865,0.70615125,0.07458176,0.036576774,0.054073468,4.7443547e-05,4.74334e-05,0.028015723,0.01867934,0.051178224,2021-05-24
0.048946787,0.7702079,0.008873756,0.035624713,4.5685603e-05,0.0049641235,4.567554e-05,0.07250008,0.026647177,0.032144144,2021-05-25
0.104401894,0.14202295,0.08167487,0.00013878987,0.66120887,0.00013880213,0.00013876926,0.009997432,0.00013880347,0.00013880193,2021-05-26
0.00015192002,0.04400692,0.00015192796,0.08164084,0.07248894,0.5525402,0.0001518968,0.2485635,0.00015194993,0.00015192074,2021-05-27
0.046781607,0.0005314186,0.08423523,0.0005313728,0.040593117,0.79411334,0.000531299,0.03161978,0.0005314255,0.00053139956,2021-05-28
0.04979136,0.7608654,0.0750933,0.019219529,0.036398713,4.759897e-05,4.7590784e-05,4.7598904e-05,0.006270288,0.052218594,2021-05-29
0.00012624353,0.054007664,0.00012625934,0.0022251734,0.6088278,0.031656496,0.00012621925,0.26448092,0.03829694,0.00012624623,2021-05-30
0.6796112,0.00030003823,0.000300066,0.00030001954,0.09528259,0.08979976,0.00029997068,0.13350633,0.00030003255,0.00030002478,2021-05-31
0.00023519734,0.00023520956,0.00023518874,0.00023518209,0.12832792,0.6340696,0.00023514322,0.2359561,0.0002351788,0.00023520167,2021-06-01
0.00018229785,0.46632683,0.03315558,0.014322233,0.0001823139,0.00018228873,0.00018225546,0.48510158,0.00018227947,0.00018229088,2021-06-02
0.00013758712,0.35756338,0.012617641,0.44583273,0.0001375922,0.05388051,0.0001375631,0.026795188,0.10276027,0.00013757894,2021-06-03
0.039437067,0.61455053,0.007728684,0.0052470495,0.10468085,4.900141e-05,4.900253e-05,0.2213516,0.0039554113,0.0029508092,2021-06-04
0.00045324877,0.1064342,0.00045324423,0.03509506,0.3279935,0.29450247,0.00045316518,0.00045326975,0.20852527,0.02563658,2021-06-05
0.11592093,0.12470336,0.00023830235,0.020920916,0.008918586,0.00023829566,0.00023823138,0.62912023,0.07347929,0.026221845,2021-06-06
0.00019856522,0.34995207,0.00019857667,0.10597746,0.06939201,0.00019858325,0.00019853604,0.3165236,0.15716204,0.00019856104,2021-06-07
9.008102e-05,0.32482877,9.008767e-05,0.6428947,0.03164585,9.007367e-05,9.0134265e-05,9.008098e-05,9.007729e-05,9.008144e-05,2021-06-08
0.048307702,0.35526404,0.00014097993,0.14874223,0.00014099016,0.35894793,0.00014096119,0.08803316,0.00014100251,0.0001409795,2021-06-09
0.00015297956,0.2032595,0.00015296349,0.033082556,0.00015297714,0.6996149,0.00015294239,0.06312527,0.00015295294,0.00015295373,2021-06-10
0.020480026,0.7702742,0.00014618409,0.0049259914,0.00014618612,0.07432039,0.00014615378,0.12196279,0.007451821,0.00014618397,2021-06-11
0.00010124103,0.00010122775,0.00010121851,0.02913519,0.4570004,0.00010122144,0.00010120255,0.47802413,0.03523291,0.00010122155,2021-06-12
0.091856316,0.56586087,0.07904441,0.0003168863,0.26133683,0.00031688108,0.00031701374,0.00031693556,0.0003169259,0.0003168952,2021-06-13
0.00015107795,0.80684876,0.00015107587,0.00015109616,0.00015109272,0.00015107512,0.00015106176,0.17798513,0.014108524,0.00015107356,2021-06-14
0.00020174203,0.14461121,0.06143239,0.00020174177,0.7112179,0.00020172424,0.00020171408,0.08152813,0.00020174876,0.0002017238,2021-06-15
0.00017371475,0.09436024,0.00017372711,0.5684003,0.09449271,0.19779582,0.00017367404,0.044082396,0.0001737082,0.00017370493,2021-06-16
0.0001543407,0.38896692,0.024584007,0.00015435128,0.08350488,0.0559031,0.00015430877,0.43964848,0.0067752656,0.00015433469,2021-06-17
0.00013077226,0.109554,0.12411682,0.0073749186,0.00013078183,0.64615536,0.0014981349,0.10667709,0.00013076417,0.0042313845,2021-06-18
0.0002061279,0.00020610681,0.00020612955,0.00020612382,0.85011244,0.00020612506,0.0002060722,0.13200396,0.01644074,0.00020613248,2021-06-19
0.00024566788,0.00024565388,0.53602016,0.00024564684,0.34836826,0.11389202,0.0002456224,0.00024566898,0.00024565755,0.00024566043,2021-06-20
0.00033780342,0.00033784407,0.000337841,0.0003378089,0.9839213,0.013375937,0.0003377568,0.00033786823,0.000337974,0.00033780123,2021-06-21
4.83718e-05,0.6573447,0.098617025,0.03553283,0.13947968,0.0019234009,4.8363938e-05,4.837213e-05,4.837236e-05,0.06690891,2021-06-22
0.00013842511,0.06672288,0.08781356,0.00013279433,0.035281472,0.6091684,0.00013275656,0.06637242,0.00013277825,0.13410452,2021-06-23
0.6702657,0.23862787,0.00026900097,0.00026895673,0.016757106,0.010769126,0.00026893846,0.06223538,0.0002690003,0.00026897714,2021-06-24
0.00022379156,0.0002237992,0.3445524,0.00022377973,0.08854036,0.1602505,0.00022373287,0.38820335,0.00022377641,0.017334523,2021-06-25
0.00017805111,0.37905633,0.00017804798,0.1865242,0.00017806512,0.40328243,0.00017802611,0.00017806877,0.030068735,0.00017806934,2021-06-26
0.019343443,0.6411065,0.0716784,0.046192236,0.070113786,0.037334725,4.592478e-05,0.07950895,0.008374949,0.026301159,2021-06-27
0.29233184,0.24974631,0.0004067334,0.00019816922,0.15860462,0.061004046,0.00019819639,0.23711368,0.00019817491,0.00019819071,2021-06-28
0.034577124,0.085207954,0.5305653,0.00017760081,0.15714945,0.00017752762,0.00017750844,0.1813153,0.00017753124,0.010474658,2021-06-29
0.00015407206,0.20250708,0.00015406041,0.00015407574,0.11348481,0.0001540646,0.00015404342,0.66153395,0.02154977,0.0001540661,2021-06-30
0.00012222507,0.5857427,0.015961913,0.025159612,0.00012222008,0.3271022,0.00012219178,0.043859072,0.0016856345,0.00012221518,2021-07-01
0.7629725,0.00011261614,0.10255124,0.0039492655,0.0034085668,0.00011261975,0.000112589565,0.113767736,0.012900225,0.000112619935,2021-07-02
0.053121176,0.53284216,0.0903073,0.0040349537,0.11549601,4.4541343e-05,4.4532484e-05,0.14823818,0.01989654,0.03597462,2021-07-03
7.6183176e-05,0.0039749797,7.618681e-05,7.6184886e-05,0.7258077,7.619204e-05,7.616898e-05,0.21290696,0.056853224,7.6187214e-05,2021-07-04
0.00017391282,0.034627195,0.056933153,0.015052866,0.69685704,0.008249318,0.00017388022,0.025436202,0.00017390687,0.16232249,2021-07-05
0.00014942022,0.00014941212,0.41351968,0.016896136,0.2576741,0.00014942234,0.00014938717,0.025309546,0.0001494115,0.2858535,2021-07-06
9.741821e-05,9.7417826e-05,0.18032883,0.004733044,0.56963474,0.17450671,9.739908e-05,0.07030966,9.7421835e-05,9.7421944e-05,2021-07-07
0.030958716,0.54864484,0.00022039801,0.10088373,0.13622205,0.00022042869,0.0002203651,0.18218865,0.00022039712,0.00022038954,2021-07-08
0.074443236,0.18861069,0.00046450694,0.00046447257,0.06454732,0.098380215,0.00046438896,0.35129282,0.15330689,0.06802546,2021-07-09
0.015856875,0.50559616,0.1523047,0.037533585,0.103956126,0.038753577,4.859649e-05,0.10305808,0.017838828,0.025053447,2021-07-10
0.0001445675,0.56026953,0.0001445773,0.00014455381,0.035553027,0.40316558,0.00014452479,0.00014456012,0.00014455574,0.00014455867,2021-07-11
0.00021417286,0.00021418212,0.32668883,0.00021418532,0.054882597,0.04915404,0.0002141405,0.5559055,0.00050011964,0.012012252,2021-07-12
0.0003166344,0.909713,0.00031665823,0.00031664458,0.00031663812,0.00031666845,0.00031657604,0.0003166501,0.00031666068,0.08775389,2021-07-13
0.048010956,5.122744e-05,0.016111823,5.122604e-05,0.0037181575,0.007493738,5.1213814e-05,0.74404824,0.17124349,0.009219918,2021-07-14
0.45845497,0.34063107,0.0002503488,0.00025030744,0.19915736,0.00025031986,0.0002502796,0.00025470025,0.00025032824,0.00025032004,2021-07-15
0.031581778,0.1946037,0.30738178,0.00017381606,0.29485443,0.09025506,0.0001737803,0.08062809,0.00017381248,0.00017380697,2021-07-16
0.00019533135,0.35588315,0.00019532444,0.08265068,0.2826783,0.00019532986,0.00019530236,0.2720561,0.0057551935,0.00019532474,2021-07-17
0.043702047,0.09406614,0.14771192,0.038250204,0.00012759968,0.5922993,0.00012759352,0.08346001,0.00012759173,0.00012758981,2021-07-18
0.000104496336,0.13518251,0.00010449204,0.08380202,0.00010450812,0.24567556,0.00010447465,0.19562058,0.3391969,0.00010449065,2021-07-19
0.15400723,0.05597212,0.0347025,4.9846854e-05,0.4714636,4.9845617e-05,4.983732e-05,0.27027458,0.0133806085,4.9846658e-05,2021-07-20
0.025288153,0.49051288,0.054872625,0.0742312,0.061598312,0.004548161,4.6106645e-05,0.123361796,0.009183554,0.15635723,2021-07-21
0.096288554,0.240424,0.24682069,0.017161734,0.08043507,0.31772178,0.0002871191,0.00028702157,0.00028701682,0.00028706616,2021-07-22
0.4612594,0.35602772,0.16688941,0.00011512684,0.00011514206,0.00011512976,0.00011512225,0.01044897,0.00011513297,0.004798847,2021-07-23
0.00017335704,0.4335908,0.00017335285,0.075619414,0.00017335932,0.15833095,0.00017332018,0.021512063,0.31008,0.0001733729,2021-07-24
0.024127813,0.53317183,0.00014993788,0.055866174,0.00014993385,0.34311026,0.00014990428,0.00014993471,0.04297421,0.00014993985,2021-07-25
0.20310782,0.21807562,0.0749611,0.05758237,0.015171904,0.00013396656,0.00013394903,0.112123325,0.058769263,0.25994068,2021-07-26
0.016833095,0.5676618,0.056413483,0.03222105,0.06941271,0.009661184,4.7026995e-05,0.062940545,4.7021174e-05,0.18476209,2021-07-27
0.05286619,0.5418638,0.27969658,4.9805687e-05,0.045785826,4.9804432e-05,4.980414e-05,0.0749701,4.980492e-05,0.004618278,2021-07-28
0.02354656,0.000919688,0.0009196908,0.0009196021,0.20157789,0.0009196448,0.0009195336,0.0009195952,0.76843816,0.00091963226,2021-07-29
0.06265857,0.00025400103,0.096570715,0.00025399285,0.74669254,0.07282544,0.00025394457,0.00025401125,0.007189165,0.013047651,2021-07-30
0.11748823,0.023860509,0.017813763,5.664651e-05,0.5667937,5.66529e-05,5.6638513e-05,0.26631996,0.0074972752,5.665122e-05,2021-07-31
0.019922137,0.00015843759,0.5709433,0.00015840896,0.13561735,0.03254101,0.00015839218,0.00015843158,0.0027720574,0.23757042,2021-08-01
0.00071199395,0.2688626,0.00071197946,0.00071200123,0.062351905,0.5144463,0.0007118918,0.09349022,0.057289034,0.0007120126,2021-08-02
0.5601519,0.2521042,0.07582897,0.00015339877,0.08065113,0.020843508,0.00015337938,0.0016985917,0.00015340005,0.0082615735,2021-08-03
0.044402268,0.61189693,0.10407922,0.0214734,0.0671163,0.05497425,4.8835926e-05,0.0740641,0.006001566,0.015943129,2021-08-04
0.036736455,0.5571472,0.1366599,0.018482227,0.15306206,0.009198301,4.8519007e-05,0.019971486,0.006180741,0.062513076,2021-08-05
0.00018314393,0.50334823,0.0001831388,0.1008875,0.04439656,0.3080849,0.00018308903,0.042367175,0.00018311612,0.00018312428,2021-08-06
0.00014012853,0.0415272,0.00014013168,0.00014014074,0.054877542,0.00014012678,0.00014010617,0.39618674,0.5065677,0.00014012754,2021-08-07
0.21282259,0.097495615,0.12689935,0.01168155,0.029384835,0.4289184,0.0021555088,0.076071925,0.000116720155,0.014453546,2021-08-08
0.00023214018,0.93595535,0.00023214953,0.035603203,0.01031445,0.00023214697,0.00023212371,0.00023215543,0.00023214953,0.016734162,2021-08-09
0.20473509,0.2846008,0.3385348,0.00022681887,0.00022682405,0.00022681177,0.00022678597,0.1707684,0.00022681814,0.00022683464,2021-08-10
0.00017327142,0.1825772,0.00017328012,0.040313017,0.019746518,0.5942716,0.00017324586,0.07260818,0.08979047,0.00017327291,2021-08-11
0.00016748688,0.10150613,0.22068158,0.028993227,0.33134857,0.00016749102,0.00016745918,0.034751832,0.00016750206,0.2820488,2021-08-12
0.3134831,0.18523082,0.12720154,0.00017018642,0.014155641,0.35907796,0.00017019338,0.00017018439,0.000170167,0.00017018063,2021-08-13
0.00014179613,0.33454618,0.0001418007,0.00014179655,0.007276643,0.42056927,0.00014177525,0.20700563,0.026288217,0.0037469175,2021-08-14
0.7149801,0.12230569,0.11533741,0.00015456093,0.025460267,0.00015458485,0.00015454071,0.00015458227,0.021143656,0.0001545775,2021-08-15
5.832616e-05,0.3964327,0.025685983,5.8329988e-05,0.23197377,0.0041615786,5.8316276e-05,0.1114352,0.008180523,0.22195527,2021-08-16
0.10026863,0.03812278,0.041364364,0.000116253585,0.045595076,0.62753654,0.0010180509,0.0015147025,0.028038438,0.116425164,2021-08-17
0.033821583,0.0002292421,0.042336795,0.00022925546,0.67591643,0.24654974,0.00022918453,0.00022925163,0.00022924058,0.00022924297,2021-08-18
0.00017126516,0.00017125823,0.022158764,0.00017127076,0.85934556,0.09646956,0.00017123195,0.00017127726,0.00017126648,0.020998571,2021-08-19
0.00020920693,0.16272168,0.00020920813,0.0002092011,0.7319771,0.007961543,0.00020917645,0.096084386,0.00020923726,0.00020920181,2021-08-20
0.030121736,0.00012475697,0.043131713,0.00012475859,0.13100544,0.7001709,0.00012472877,0.06551357,0.010412014,0.019270422,2021-08-21
0.0001478876,0.03434556,0.0001478707,0.00014790172,0.7938435,0.0001478677,0.0001478518,0.1707758,0.00014787032,0.00014787905,2021-08-22
0.23565914,0.040146142,0.075884454,0.004786891,0.07691009,0.4969746,0.0001248737,0.027637824,0.00012490731,0.041751057,2021-08-23
0.0005809212,0.11581924,0.00058091123,0.5590473,0.053448103,0.23676045,0.0005808385,0.00058101,0.000580866,0.0320204,2021-08-24
0.70440894,0.016803836,0.12971732,0.00014010126,0.06414079,0.047488283,0.00014007844,0.0001401126,0.00014011405,0.03688047,2021-08-25
0.00017357613,0.088930964,0.00017357458,0.06563455,0.01713723,0.0001735863,0.0001735515,0.5717628,0.25566658,0.00017357846,2021-08-26
0.00570261,0.31453687,0.29520178,0.00017380099,0.33483064,0.048858933,0.00017378166,0.00017384383,0.00017384942,0.00017381409,2021-08-27
0.0005086485,0.118920006,0.0005086508,0.41006726,0.00050873554,0.4674519,0.00050858106,0.0005087043,0.00050885644,0.0005086664,2021-08-28
0.062432803,0.00022497926,0.3756777,0.0002249599,0.00022499851,0.021389365,0.00022504783,0.08728703,0.00022497577,0.45208812,2021-08-29
0.04478182,0.6969049,0.056841113,0.07631106,0.0724961,0.016762964,6.2356165e-05,0.02067691,0.006401262,0.008761497,2021-08-30
0.00011647385,0.0938237,0.21963818,0.011134789,0.02160013,0.00011645068,0.000116438576,0.00011648963,0.00011647461,0.65322083,2021-08-31
0.00015953467,0.055277713,0.08526475,0.00015953115,0.00015952425,0.00015952268,0.00015948771,0.00015951833,0.0001595082,0.8583409,2021-09-01
0.00016360256,0.032131985,0.000163595,0.12235578,0.00016361657,0.00016359251,0.00016356334,0.27781588,0.56036997,0.0065084677,2021-09-02
0.0212594,0.035183836,0.016595226,0.00012670338,0.004587034,0.00012670166,0.00012668174,0.05961005,0.00012670158,0.86225766,2021-09-03
0.5209994,0.19606362,0.0059175068,0.00014894722,0.00014895381,0.26180908,0.00014891119,0.00014894811,0.00014893111,0.0144657185,2021-09-04
0.67306226,0.13502763,0.026843755,4.515271e-05,4.515328e-05,0.016133966,4.5141776e-05,0.08116403,4.515317e-05,0.06758777,2021-09-05
0.051086377,0.6854228,0.04151362,0.02439684,0.05828434,0.03208792,4.7626007e-05,0.05968026,4.763109e-05,0.047432605,2021-09-06
0.000120758355,0.00012076244,0.10430398,0.000120758355,0.35961267,0.535238,0.00012075229,0.000120766796,0.00012076438,0.00012075817,2021-09-07
0.14359464,0.00014924396,0.23267908,0.0143583,0.32323125,0.28539056,0.00014921906,0.0001492345,0.00014924856,0.00014924015,2021-09-08
0.0002620622,0.24169083,0.00026209163,0.00026206777,0.14618273,0.031749513,0.0002620102,0.47299406,0.07971981,0.026614778,2021-09-09
0.07025065,0.12259202,0.00025765607,0.021471238,0.019702232,0.00025762897,0.00025757434,0.68668014,0.07827324,0.00025765167,2021-09-10
0.053669672,0.5848402,0.048528917,0.048719246,0.10656909,0.04774142,4.5478988e-05,0.04945407,4.548434e-05,0.060386423,2021-09-11
0.00016818849,0.21645333,0.030894997,0.00016819287,0.053810228,0.007418835,0.00016815813,0.2865618,0.40418807,0.00016818177,2021-09-12
0.6280415,0.27775747,0.00016830461,0.00016830194,0.03865916,0.0001682911,0.0026301527,0.052070223,0.00016829479,0.00016829462,2021-09-13
0.00016623213,0.34937897,0.00016624237,0.0067387186,0.1567183,0.00016623076,0.00016620339,0.21275333,0.2735795,0.00016624128,2021-09-14
0.0027857495,0.028262813,0.00010588752,0.29189804,0.00010589735,0.00010588544,0.00010587093,0.57005167,0.106472276,0.00010588646,2021-09-15
0.63967067,0.09210593,0.08408764,0.002932615,0.019709036,0.08113951,4.5561785e-05,0.04013438,4.5568853e-05,0.040129047,2021-09-16
0.101484254,0.6653475,0.028099181,0.040283486,4.5742145e-05,0.010123456,4.5730438e-05,0.022355298,0.041700855,0.09051451,2021-09-17
0.00025245437,0.00025247512,0.0002524755,0.00025246118,0.9977279,0.00025246775,0.00025241668,0.00025246298,0.00025246173,0.00025246484,2021-09-18
0.7290185,0.11912041,0.050405566,4.9676717e-05,0.06504193,0.009065989,4.9666363e-05,0.0223746,0.00060879724,0.0042648376,2021-09-19
0.0007172476,0.0007172896,0.12606657,0.00071719574,0.33994302,0.5289696,0.0007173404,0.00071728247,0.00071720546,0.0007172622,2021-09-20
0.08695384,0.03613274,0.16603464,0.0002937907,0.07547672,0.52579945,0.00029373317,0.039904892,0.00029379106,0.06881644,2021-09-21
0.0057170503,0.5577964,0.030857576,0.04791314,0.13420299,0.007831441,5.195196e-05,0.09906032,0.09005656,0.026512539,2021-09-22
0.04504531,0.49634862,0.1094697,0.057772126,0.17974207,0.0133520225,4.522806e-05,0.090828545,0.0073511633,4.523134e-05,2021-09-23
0.32030928,0.06040072,0.04453622,0.00061560364,0.0077132713,0.000615577,0.00061549543,0.5639626,0.0006156045,0.00061565754,2021-09-24
0.058168497,0.08575391,0.20446122,0.00026350486,0.07717697,0.00026347203,0.0002634458,0.57312185,0.00026357188,0.00026352168,2021-09-25
0.3126214,0.21115972,0.10311272,0.00018671986,0.00018673483,0.37198585,0.0001866941,0.00018672507,0.0001867117,0.00018673827,2021-09-26
0.2928206,0.21171293,0.07562799,0.00014961597,0.00014963355,0.41894072,0.00014963008,0.00014961895,0.00014961383,0.00014962703,2021-09-27
0.00011449619,0.0059271506,0.12298266,0.015789678,0.013092445,0.62505394,0.00011446671,0.19203652,0.000114495546,0.02477416,2021-09-28
0.000334247,0.00033425074,0.0003342226,0.00033420266,0.9790684,0.00033428075,0.00033418374,0.018257761,0.00033423418,0.00033423278,2021-09-29
0.0002633743,0.0002633793,0.00026340742,0.0002634383,0.99762946,0.00026339293,0.00026334185,0.00026340026,0.000263404,0.00026338806,2021-09-30
0.00019015226,0.00019017725,0.0001901594,0.00019013666,0.856533,0.00019013521,0.0001901106,0.09975214,0.042383883,0.00019016983,2021-10-01
0.0399595,0.4823008,0.01731795,6.7363995e-05,0.36052367,6.736331e-05,6.734649e-05,0.09956132,6.736224e-05,6.736218e-05,2021-10-02
0.21333921,0.00044411732,0.00044409555,0.0004440381,0.009216513,0.00044406447,0.0004439884,0.53678364,0.040710054,0.19773029,2021-10-03
0.07457669,0.032550186,0.102283515,0.00038636033,0.050744284,0.0003863404,0.00038648318,0.52250475,0.073075294,0.14310609,2021-10-04
0.05609604,0.13192588,0.109592505,0.024532527,0.014695737,0.41554582,0.00011697551,0.23171881,0.015658714,0.00011700653,2021-10-05
0.21919648,0.07801678,0.3848634,0.00024427148,0.26469997,0.00024428143,0.0002442418,0.031798963,0.02044734,0.00024427616,2021-10-06
0.70137537,0.04978722,4.8928778e-05,4.892939e-05,4.8932252e-05,4.8934027e-05,4.8919374e-05,0.20235223,0.04619162,4.893044e-05,2021-10-07
0.042552046,0.019700298,0.015067984,0.02038529,0.04919862,0.0006783301,0.00021284333,0.5113536,0.014490682,0.32636032,2021-10-08
0.00015738669,0.10443403,0.00015739039,0.03770915,0.00015738653,0.56992733,0.0001573552,0.051582552,0.23556009,0.00015737796,2021-10-09
0.00014820474,0.00014821853,0.00014820765,0.66282374,0.00014822328,0.00014822265,0.00014817546,0.2833775,0.00014822051,0.052761286,2021-10-10
0.0066230707,0.36187726,0.2218295,0.00019063996,0.08335442,0.00019063338,0.00019058879,0.2943167,0.00019061532,0.031236602,2021-10-11
0.0001500044,0.26786864,0.07697688,0.0609387,0.00015000417,0.13342878,0.00014996827,0.15268433,0.30750266,0.00015000273,2021-10-12
0.000134208,0.13043152,0.00013420681,0.019136015,0.00013422284,0.3222413,0.0001341823,0.26763338,0.25988674,0.00013420424,2021-10-13
0.00014190668,0.2657135,0.00014190929,0.00014191872,0.074615024,0.4265423,0.00014188142,0.230372,0.0020475928,0.00014193192,2021-10-14
0.7465412,0.06384809,0.09503175,0.013560529,0.018369785,0.05556991,5.462541e-05,5.4639757e-05,0.006914817,5.4638396e-05,2021-10-15
0.0016551615,0.0036246385,0.10530984,0.025715534,4.242308e-05,0.2562121,4.2409014e-05,0.12668039,0.026170002,0.45454755,2021-10-16
0.00024991613,0.0002499248,0.00024991608,0.0002499212,0.99775064,0.00024991014,0.0002498947,0.00024998296,0.0002499311,0.00024990572,2021-10-17
0.00033435013,0.0003342774,0.06802945,0.00033428197,0.6919783,0.2003427,0.00033425796,0.00033426945,0.0003342871,0.037643917,2021-10-18
0.0011018483,0.001101897,0.0011017916,0.23019366,0.042774506,0.68834645,0.0011016291,0.001101955,0.032074496,0.001101836,2021-10-19
0.0001660087,0.5646527,0.075414725,0.00016601084,0.35877058,0.00016600589,0.00016598059,0.00016601889,0.00016601195,0.00016600986,2021-10-20
0.03819846,0.74485755,0.039238572,0.0019684623,0.09668938,0.06560959,0.00063202163,0.002243515,0.0018739076,0.008688546,2021-10-21
0.009986406,0.12583305,0.00014307143,0.019735957,0.11241626,0.00014306414,0.00014302596,0.6061617,0.12529439,0.00014305065,2021-10-22
0.08247316,0.16150875,0.11263216,0.00018040353,0.308591,0.00018041428,0.00018040114,0.3338929,0.00018040164,0.00018040801,2021-10-23
0.00026026324,0.00026025178,0.28320098,0.00026024715,0.13116495,0.5660042,0.0002601977,0.00026026307,0.018068377,0.0002602383,2021-10-24
0.0385697,0.048177857,0.015386981,0.00011628178,0.008732723,0.5578588,0.000116260504,0.25835097,0.00011629175,0.072574064,2021-10-25
0.39567742,0.100854956,0.0002167083,0.0002166875,0.00021672402,0.386611,0.00021665177,0.0002167013,0.00021667316,0.11555643,2021-10-26
0.00023405482,0.00023403177,0.00023405848,0.00023405878,0.37973812,0.011515322,0.00023399101,0.5916461,0.00023405773,0.015696254,2021-10-27
0.081133805,0.69885415,0.065493405,0.0029823054,0.030411638,0.0167421,4.651064e-05,0.07235422,4.651882e-05,0.03193538,2021-10-28
0.000116707255,0.000116707044,0.000116711184,0.00011671943,0.63504285,0.0862406,0.00011668017,0.1931838,0.06527079,0.019678436,2021-10-29
0.00020718327,0.00020718678,0.04042129,0.19508177,0.36218715,0.00020719797,0.00020714072,0.31024677,0.09102712,0.00020719314,2021-10-30
0.00016286917,0.00016285028,0.00016287345,0.00016285157,0.6752056,0.0001628843,0.0001628184,0.034053054,0.00016285728,0.28960133,2021-10-31
0.0011466958,0.6150951,0.039508574,0.01812183,0.111563675,0.04399337,5.0036622e-05,0.1274914,0.01835777,0.02467155,2021-11-01
0.06649483,0.6745644,0.003100161,0.031396378,0.05508609,0.05760345,0.00063982984,0.08431138,0.004402004,0.022401486,2021-11-02
0.00025404576,0.62398773,0.00025407472,0.00025410863,0.3739798,0.00025404166,0.00025402193,0.0002540677,0.000254033,0.00025404748,2021-11-03
0.059596125,0.014102112,0.089090034,0.00015923737,0.20891659,0.00015924065,0.00015922236,0.5992478,0.028410336,0.00015923943,2021-11-04
0.010932285,0.8965038,0.004078893,0.00015248598,0.00015248776,0.00015247244,0.00015244866,0.01770726,0.0700154,0.00015248913,2021-11-05
0.78366876,0.077051766,0.0001341762,0.0001341753,0.00013419626,0.00013416917,0.00013414965,0.10823361,0.007956942,0.022417998,2021-11-06
0.79747283,0.06990348,0.036228612,0.00014964146,0.01623001,0.00014965991,0.00014962467,0.0794168,0.00014965367,0.00014965712,2021-11-07
0.05229806,0.008460995,0.15741213,5.062666e-05,0.5461174,0.02618467,5.0621984e-05,0.20495279,0.0044220593,5.0629165e-05,2021-11-08
0.00021639075,0.00021639002,0.00021640176,0.00021638445,0.9980524,0.00021640661,0.00021636838,0.00021642818,0.0002164564,0.00021639458,2021-11-09
0.06915853,0.55670524,0.048745923,0.0074004917,0.18822074,0.024414912,4.6432597e-05,0.0072657936,4.6446912e-05,0.09799551,2021-11-10
0.0001668801,0.98484176,0.008545429,0.0001668617,0.00016687774,0.00016685892,0.00016684418,0.0054446724,0.00016688294,0.00016687722,2021-11-11
0.062612355,0.6501332,0.11372554,0.041285682,0.0015146189,0.02264481,4.7412042e-05,0.10794148,4.7420606e-05,4.7421014e-05,2021-11-12
0.03174904,0.0001191496,0.15348533,0.013755114,0.010931767,0.62334913,0.00011912317,0.0723051,0.00011914352,0.09406708,2021-11-13
0.00013086888,0.8511417,0.00013089611,0.00013086818,0.0001308758,0.00013085897,0.00013084547,0.047218505,0.0001308753,0.10072373,2021-11-14
0.00010735431,0.000107356784,0.07725607,0.00010735273,0.023173874,0.086348325,0.00010732702,0.053113434,0.000107345586,0.75957155,2021-11-15
9.505057e-05,0.015153308,9.5050724e-05,0.6134667,9.5058305e-05,0.030824132,9.502867e-05,0.24420032,0.09588032,9.505353e-05,2021-11-16
8.5595355e-05,0.14659855,8.559918e-05,8.559457e-05,0.034820884,8.558792e-05,8.557634e-05,0.12189675,0.18762514,0.5086307,2021-11-17
0.00021492029,0.00021493156,0.00021492636,0.00021492034,0.80712575,0.043082267,0.00021488017,0.1482876,0.00021491852,0.00021491718,2021-11-18
0.00035861033,0.016720526,0.26119453,0.00035859927,0.7195747,0.0003586612,0.0003585428,0.00035860654,0.0003586158,0.00035860087,2021-11-19
0.00018220935,0.00018220626,0.00018220805,0.00018220846,0.7817792,0.00018220037,0.0001821782,0.2167631,0.00018222751,0.00018222308,2021-11-20
0.0638335,0.606089,0.13824745,0.062515825,0.03600691,0.04924302,4.7683927e-05,4.7687565e-05,4.76868e-05,0.04392127,2021-11-21
0.041227005,0.573213,0.12735963,0.012096382,0.13958567,0.030483535,4.5570156e-05,0.0033529568,4.5579032e-05,0.072590716,2021-11-22
0.71230656,0.15625094,0.01117368,0.007968166,0.0217647,0.057340752,0.0001907027,0.010200913,0.00019075969,0.02261286,2021-11-23
0.0003808678,0.2598073,0.00038095174,0.00038090366,0.048162334,0.12493366,0.0003808145,0.03162322,0.012758272,0.5211917,2021-11-24
0.06593331,0.88959044,0.00013987537,0.00013985454,0.0001398664,0.00013987454,0.00013983817,0.04349715,0.00013986102,0.0001398708,2021-11-25
0.05521538,0.12553792,0.00013545598,0.00013544502,0.18731451,0.6311195,0.00013549619,0.00013545602,0.00013544381,0.00013544317,2021-11-26
0.021473875,0.06530113,0.013795548,4.5907782e-05,0.6777804,4.5907847e-05,4.5909524e-05,0.21436997,0.004453091,0.002688218,2021-11-27
0.00021519656,0.00021518763,0.021583633,0.17363362,0.43962857,0.00021518035,0.00021514251,0.19446632,0.0002152073,0.16961193,2021-11-28
0.04028074,0.65840787,0.066411495,0.017411394,0.09604721,0.02921092,4.6695433e-05,0.042732596,0.020404983,0.029046157,2021-11-29
0.0001534129,0.33900344,0.00015342492,0.031376835,0.00015341306,0.47813562,0.00015338097,0.15056369,0.00015342327,0.00015340585,2021-11-30
0.00013091807,0.00013090743,0.15829964,0.00013090362,0.5669413,0.20407733,0.00013088725,0.034154512,0.00013090932,0.035872705,2021-12-01
0.05963679,0.03177301,0.3192018,0.00011696198,0.48730403,0.00011695863,0.00011694211,0.101499565,0.000116969975,0.00011695815,2021-12-02
5.6095927e-05,0.5455349,0.06689479,5.6097382e-05,0.23055059,0.057885714,5.609156e-05,0.09341722,0.005492396,5.609921e-05,2021-12-03
0.00014590738,0.050157923,0.057878554,0.006685324,0.024105623,0.00014590222,0.00014587572,0.00014590926,0.00014591022,0.86044306,2021-12-04
0.00044113115,0.05876393,0.00044114018,0.00044111878,0.022731148,0.00044115534,0.00044103584,0.00044110173,0.03141134,0.8844469,2021-12-05
0.0061153844,0.7231657,0.12976876,0.011888224,0.060040344,0.0031928888,4.7027854e-05,0.031180793,4.7040296e-05,0.034553792,2021-12-06
0.00015079066,0.020080836,0.00015079741,0.14826244,0.016732404,0.68282866,0.00015076966,0.11757226,0.003962869,0.010108135,2021-12-07
0.00024303512,0.81610996,0.078481734,0.00024304361,0.004065507,0.09988457,0.00024300357,0.00024306176,0.00024303987,0.00024307168,2021-12-08
0.2091929,0.00012467612,0.34463286,0.00012468002,0.0034755373,0.108899556,0.00012465374,0.30217242,0.024660429,0.0065922593,2021-12-09
0.00013709116,0.6185992,0.031015435,0.00013707805,0.028554808,0.0001370759,0.00013712044,0.32100806,0.00013709335,0.00013709007,2021-12-10
0.00015412284,0.00015411658,0.017398208,0.00015412616,0.63581824,0.00015410919,0.00015407916,0.00015412047,0.014075688,0.33178315,2021-12-11
0.00015635043,0.0001563595,0.00015635206,0.00015634585,0.91472816,0.00015634547,0.00015633374,0.00015636356,0.00015636456,0.084021,2021-12-12
0.16015786,0.00016637285,0.21119916,0.0001663595,0.20900781,0.00016637653,0.0001663423,0.04760574,0.00016636404,0.37119758,2021-12-13
0.0029302556,0.6343478,0.036809485,0.033769824,0.13084027,4.6790028e-05,4.678185e-05,0.07111165,0.018764105,0.07133305,2021-12-14
0.032399103,0.71092093,0.106247,5.081335e-05,0.054627918,0.021614043,5.080225e-05,0.057762828,5.0808652e-05,0.016275764,2021-12-15
0.004527462,0.018714296,0.28305587,0.00011946318,0.01067004,0.53573567,0.000119424694,0.10742844,0.00011945192,0.03950991,2021-12-16
0.00024696262,0.5943534,0.0002469377,0.016719704,0.060037944,0.32740724,0.00024694507,0.00024694757,0.00024695363,0.00024697802,2021-12-17
0.00021040188,0.05308558,0.15882413,0.00021038411,0.10658216,0.0002104002,0.00021036025,0.26156667,0.4188895,0.00021039305,2021-12-18
0.05468839,0.00019348245,0.30160406,0.04029478,0.0079455115,0.35127681,0.00019344174,0.24341662,0.0001934697,0.00019346936,2021-12-19
0.00016236781,0.09424077,0.0001623654,0.09796146,0.01718587,0.00016237376,0.0001623435,0.068272345,0.72152776,0.00016236465,2021-12-20
0.09411534,0.045255102,0.079721384,0.00014477254,0.014532755,0.54310155,0.00014477586,0.17586333,0.017057324,0.030063696,2021-12-21
4.4116685e-05,4.411717e-05,0.010818518,4.4115677e-05,0.7811431,4.4115644e-05,4.4110115e-05,0.2001819,0.0075917277,4.4117573e-05,2021-12-22
0.70348364,0.19457895,0.019088928,0.00017795028,0.08178078,0.00017797195,0.00017791441,0.00017795856,0.00017793312,0.00017795738,2021-12-23
0.7191569,0.15254334,0.063644946,0.013174693,0.018807165,0.00026152964,0.00026145982,0.031626936,0.00026151026,0.00026151587,2021-12-24
0.00014539165,0.16099265,0.00014540569,0.0014204226,0.74652326,0.00014538615,0.00014536286,0.085439876,0.004896858,0.00014539156,2021-12-25
0.02196322,0.11343223,0.05554472,0.023059675,0.017387174,0.6059446,0.00014137135,0.11391516,0.001975973,0.046635877,2021-12-26
0.041941475,0.6973902,0.035450313,0.03332679,0.029205743,4.7788966e-05,4.7779966e-05,0.042445235,0.008989601,0.11115502,2021-12-27
0.00026353766,0.39577615,0.0002635404,0.00026352148,0.46553192,0.00026352514,0.00026352715,0.13684715,0.00026355113,0.0002635315,2021-12-28
0.017508509,0.08997425,0.0268322,0.0002514484,0.00025147546,0.00025147555,0.00025137552,0.7617104,0.073509865,0.029459001,2021-12-29
0.010122877,0.2915969,0.00015877126,0.009188879,0.00015877925,0.48201331,0.00015874351,0.09204909,0.11439388,0.00015876796,2021-12-30
0.00015705521,0.5712303,0.00015706883,0.026762925,0.11306249,0.00015705457,0.00015701997,0.28800198,0.00015705815,0.00015705187,2021-12-31
0.027154787,0.55901974,0.14315988,0.022126533,0.14230894,0.0096451035,4.5678793e-05,0.04230275,0.01983161,0.034404997,2022-01-02
0.00013156538,0.22413932,0.00013156276,0.12302606,0.013006101,0.055849038,0.00013152759,0.21085139,0.37260193,0.00013155752,2022-01-03
0.00017280491,0.12610266,0.00017281421,0.0001727911,0.7380381,0.00017279654,0.0001727578,0.038721543,0.00017281067,0.09610095,2022-01-04
0.00013600895,0.24439825,0.00013599265,0.00013600425,0.6981939,0.0001359986,0.00013598357,0.04943552,0.0071563716,0.00013598416,2022-01-05
0.13242845,0.562404,0.040645014,0.020733643,0.15019897,4.7587626e-05,4.760463e-05,0.02002204,0.06461791,0.008854713,2022-01-06
0.06622492,0.6086885,0.052980322,0.11075153,0.06926502,4.612492e-05,4.6113695e-05,0.0711939,4.6126715e-05,0.020757467,2022-01-07
0.00017007311,0.00017007186,0.00017006675,0.00017005474,0.81816274,0.00017006777,0.00017003338,0.12085459,0.00017008025,0.05979219,2022-01-08
0.009299962,0.7204228,0.0421113,0.00012712712,0.2274031,0.00012713874,0.0001271166,0.00012714049,0.00012712416,0.00012712798,2022-01-09
0.000643893,0.00064383674,0.063018516,0.00064379274,0.2788547,0.04918628,0.00064371154,0.0006437748,0.6050776,0.0006438278,2022-01-10
0.00013335796,0.39346194,0.00013335557,0.00013335011,0.52365863,0.00013335061,0.0001333322,0.08194597,0.0001333621,0.00013335602,2022-01-11
0.027930927,0.13710244,0.00017998499,0.0001799794,0.11272416,0.08172076,0.00017995074,0.6075234,0.00018002575,0.032278463,2022-01-12
0.10005369,0.67794406,0.02546922,0.030022884,0.05623071,0.008355104,4.6397217e-05,0.070842855,0.006701566,0.024333494,2022-01-13
0.00016506077,0.10913854,0.00016505418,0.00016504631,0.015843742,0.79056,0.00016502671,0.08346741,0.00016506124,0.00016506086,2022-01-14
0.02917657,0.20489179,0.3054625,0.00017101839,0.30572683,0.00017102784,0.00017100402,0.15388718,0.00017102897,0.00017104603,2022-01-15
0.0001544922,0.895414,0.068058796,0.00015450327,0.00015449576,0.00015448699,0.0001544602,0.035445854,0.0001544844,0.00015449386,2022-01-16
0.10118331,0.45698416,0.09957556,4.812246e-05,0.18706782,0.020601237,4.8112917e-05,0.12142452,0.01301903,4.8121838e-05,2022-01-17
0.00012169621,0.13589987,0.000121677745,0.07554708,0.077729814,0.00012167612,0.000121664496,0.6714794,0.000121687444,0.0387354,2022-01-18
0.00028944376,0.3530823,0.00028946277,0.00028946623,0.63251907,0.0002894444,0.00028943905,0.012372503,0.00028947814,0.0002894465,2022-01-19
0.00029680354,0.03941718,0.0002968028,0.09819062,0.8094904,0.00029677866,0.00029675456,0.051121105,0.00029681038,0.00029679935,2022-01-20
0.069224626,0.6054417,0.04906693,0.002237256,0.11790952,0.0050833113,4.6494843e-05,0.090041116,4.650066e-05,0.06090257,2022-01-21
0.00015564788,0.18204914,0.035460107,0.026816111,0.6068984,0.00015564745,0.00015562025,0.147998,0.00015565776,0.00015566018,2022-01-22
0.3515414,0.038616817,0.00010850428,0.000108514025,0.009421942,0.01969026,0.00010848312,0.5801871,0.00010851217,0.00010851429,2022-01-23
0.0002764845,0.19316956,0.08249918,0.00027649733,0.0002765466,0.00027646462,0.00027642163,0.60528487,0.1173875,0.0002764612,2022-01-24
0.8578633,0.00010790499,0.00010790669,0.00010791017,0.0025939778,0.00010789793,0.000107882624,0.12610374,0.00010790319,0.012791522,2022-01-25
0.1297973,0.49458456,0.04453039,0.021182822,0.04545433,0.004291464,4.6915153e-05,0.053395104,0.017422548,0.18929452,2022-01-26
0.4422914,0.07333696,0.04260154,0.00019283804,0.032750018,0.32850072,0.002109311,0.00019284185,0.0001928424,0.07783144,2022-01-27
0.79891634,0.011228683,0.00020339724,0.0002033825,0.0046378896,0.00020340864,0.000203355,0.13148868,0.052711453,0.0002034028,2022-01-28
0.00020491022,0.42984387,0.00020493039,0.029591592,0.066770725,0.0002049437,0.00020487834,0.04709431,0.34950545,0.076374374,2022-01-29
0.00015886177,0.30788493,0.00015888212,0.00015888913,0.5913328,0.00015888122,0.00015883883,0.09967022,0.0001588642,0.00015886495,2022-01-30
0.635619,9.6449934e-05,9.646101e-05,9.647851e-05,9.6487085e-05,9.644816e-05,9.64286e-05,0.36360893,9.646321e-05,9.691972e-05,2022-01-31
0.00016678243,0.03856391,0.0718089,0.00016675577,0.8477243,0.00016676755,0.00016673963,0.04090225,0.00016677337,0.00016676463,2022-02-01
0.7486111,0.005333837,9.995642e-05,9.996604e-05,0.00242416,9.995517e-05,9.994039e-05,0.22967397,9.996039e-05,0.013457126,2022-02-02
0.00014825465,0.05428623,0.027631618,0.004853731,0.053625967,0.005996837,0.00014821821,0.8530126,0.000148266,0.00014825919,2022-02-03
0.15921946,0.058771912,0.11274192,0.03103446,0.010841792,0.571334,0.00011583081,0.048332695,0.00011585034,0.007492091,2022-02-04
0.04207852,4.273841e-05,0.03263792,4.2739226e-05,0.07409723,4.2737578e-05,4.272858e-05,0.7727886,0.052545853,0.025680969,2022-02-05
0.14287509,0.007873396,0.061382595,0.015069969,0.00010973645,0.69480795,0.000109703215,0.07755207,0.00010973019,0.000109725246,2022-02-06
0.00020819534,0.04306419,0.0002082013,0.00020821433,0.77217066,0.00020819383,0.00020824498,0.18330772,0.00020819552,0.0002081949,2022-02-07
0.009319462,0.7124181,0.05328134,0.020766228,0.092030585,4.6315123e-05,4.6307552e-05,0.044005666,0.010054451,0.058031518,2022-02-08
0.0001699432,0.2177549,0.00016993984,0.3723047,0.00017000697,0.039427917,0.00016991595,0.21280259,0.11673738,0.040292677,2022-02-09
0.12443465,0.061604805,0.09426411,0.00017309665,0.012589611,0.015528054,0.0001730728,0.44867104,0.20447055,0.03809101,2022-02-10
0.00021931632,0.018023139,0.00021932663,0.00021931407,0.6969801,0.00021937204,0.00021926845,0.04863929,0.0002193372,0.23504154,2022-02-11
0.00024313731,0.08248915,0.00024314853,0.00024313376,0.54043716,0.0042797932,0.00024309427,0.17729706,0.00024313516,0.19428116,2022-02-12
0.09487218,5.6216733e-05,5.621521e-05,5.6216504e-05,0.57231927,5.6209617e-05,5.6201792e-05,0.2897105,0.0012428905,0.04157414,2022-02-13
0.022967272,0.493965,0.06721497,0.049929947,0.19634134,4.7781246e-05,0.0005058191,0.024803706,0.072457016,0.071767144,2022-02-14
0.12565644,5.160077e-05,0.074702576,5.160131e-05,0.5301934,5.1598672e-05,5.1588817e-05,0.2359405,0.0011168635,0.032183845,2022-02-15
0.063193895,0.29130897,0.00018711734,0.13702446,0.02573488,0.0001871164,0.0001870802,0.2824023,0.16314845,0.036625747,2022-02-16
0.1378111,0.0001411279,0.26644883,0.026286904,0.06460244,0.45853254,0.00014113318,0.03407725,0.00014112967,0.011817526,2022-02-17
0.0002410494,0.01560236,0.00024104665,0.00024107996,0.03905304,0.00024106677,0.00024100419,0.18902089,0.7548774,0.0002410826,2022-02-18
0.00019986818,0.35108012,0.00019987661,0.114467636,0.1772363,0.00019987854,0.00019982902,0.15726262,0.19895403,0.00019986715,2022-02-19
0.08229232,0.61703676,0.08525101,0.07277811,0.07192418,4.6218294e-05,4.620918e-05,0.023815373,0.006309717,0.040500116,2022-02-20
0.00016202677,0.31908628,0.00016201283,0.019376945,0.00016201504,0.04457545,0.00016197632,0.21887684,0.38259637,0.014840052,2022-02-21
