tw_topic_1,tw_topic_2,tw_topic_3,tw_topic_4,tw_topic_5,tw_topic_6,tw_topic_7,date
0.22954181,0.00575469,0.365572,0.005741343,0.005726196,0.09288101,0.29478297,2020-05-01
0.012990255,0.013005496,0.012990255,0.01304423,0.012999667,0.2410451,0.69392496,2020-05-02
0.012026264,0.17164305,0.5277523,0.09572614,0.011982938,0.16884886,0.01202047,2020-05-03
0.18062301,0.0057431925,0.005727007,0.12666002,0.045736138,0.005752581,0.62975806,2020-05-04
0.008475527,0.008444863,0.008436137,0.6005207,0.06734447,0.008490159,0.29828814,2020-05-05
0.0100490665,0.010049055,0.010049397,0.93966436,0.01004954,0.010085532,0.010053059,2020-05-06
0.006820034,0.006824401,0.0068119746,0.0068162773,0.006810466,0.006834901,0.959082,2020-05-07
0.014344629,0.29862365,0.52914286,0.11469156,0.014344629,0.014437089,0.014415634,2020-05-08
0.13673618,0.05674574,0.7086267,0.009145062,0.009145064,0.07045621,0.009145057,2020-05-09
0.0068660057,0.0068385294,0.006821192,0.33828536,0.10257768,0.0068396674,0.53177154,2020-05-10
0.16084066,0.47055525,0.011004635,0.011016309,0.011003405,0.32456255,0.011017201,2020-05-11
0.34931895,0.006826095,0.0068132803,0.0068205358,0.0068104225,0.115214184,0.50819653,2020-05-12
0.04773807,0.7137082,0.04762437,0.04762437,0.047634516,0.047835656,0.04783479,2020-05-13
0.103490196,0.013051334,0.8312531,0.013051336,0.013051336,0.013051334,0.013051334,2020-05-14
0.028690754,0.028690752,0.028690754,0.028821891,0.028690754,0.44786525,0.40854985,2020-05-15
0.17076376,0.00958383,0.00957483,0.15785092,0.009575832,0.6330238,0.009627022,2020-05-16
0.006824748,0.06294716,0.006823665,0.0068333074,0.0068249493,0.628615,0.2811312,2020-05-17
0.04837672,0.048376698,0.70973974,0.04837672,0.048376724,0.048376698,0.048376698,2020-05-18
0.012009056,0.012030733,0.46081662,0.012020084,0.012052925,0.4790686,0.01200198,2020-05-19
0.013008441,0.12821431,0.013011708,0.3029947,0.013011886,0.013066802,0.51669216,2020-05-20
0.007949104,0.007958759,0.007947943,0.072696365,0.007951059,0.09294354,0.8025532,2020-05-21
0.008938419,0.008971912,0.008943572,0.13900948,0.008943658,0.14064059,0.6845524,2020-05-22
0.007168438,0.0071621337,0.0071647465,0.007165223,0.0071635,0.17803814,0.7861378,2020-05-23
0.011936132,0.011943847,0.011936819,0.39889637,0.011938402,0.011980608,0.54136777,2020-05-24
0.3488124,0.0055165575,0.005510911,0.061769925,0.005510911,0.005519967,0.5673593,2020-05-25
0.14326395,0.01032368,0.010270411,0.23665056,0.010280255,0.010310907,0.5789002,2020-05-26
0.007967704,0.007966356,0.007950305,0.25383902,0.007950446,0.007960863,0.7063652,2020-05-27
0.13265228,0.086531624,0.008425224,0.008475827,0.008434148,0.008440682,0.7470403,2020-05-28
0.0075325067,0.007540513,0.0075314855,0.0075350585,0.0075315973,0.007553981,0.9547749,2020-05-29
0.14754157,0.006826909,0.006817586,0.23685032,0.0068177166,0.10021243,0.4949335,2020-05-30
0.008985724,0.009020074,0.008954822,0.008965463,0.009012608,0.5572887,0.39777258,2020-05-31
0.0131589295,0.013097998,0.5605822,0.14472435,0.013141104,0.24218838,0.013107009,2020-06-01
0.011083269,0.011127065,0.40356368,0.0110577205,0.011057721,0.5410203,0.011090299,2020-06-02
0.12688306,0.015973896,0.7932474,0.015973898,0.0159739,0.015973896,0.015973896,2020-06-03
0.15337953,0.006525703,0.055939455,0.053918976,0.00651525,0.00653276,0.7171883,2020-06-04
0.089178324,0.0059974818,0.84161174,0.005998358,0.005997483,0.04521661,0.0060000042,2020-06-05
0.011852892,0.011659923,0.10484601,0.011665493,0.45906934,0.38923785,0.011668501,2020-06-06
0.1047702,0.00804308,0.008005482,0.097594045,0.007996292,0.41754973,0.3560411,2020-06-07
0.015913887,0.17699386,0.015919374,0.74327403,0.01591967,0.015975509,0.016003646,2020-06-08
0.40659037,0.0053143506,0.00531278,0.21168634,0.051617306,0.005321656,0.3141572,2020-06-09
0.008419773,0.008434543,0.008413227,0.69202286,0.0084269615,0.008442846,0.26583982,2020-06-10
0.25706172,0.006509431,0.0065049976,0.06667158,0.0065071997,0.4731402,0.18360482,2020-06-11
0.028624631,0.02862463,0.028624631,0.3167657,0.028624631,0.02862463,0.5401112,2020-06-12
0.23620428,0.008987787,0.008978222,0.008992452,0.008975637,0.008987617,0.718874,2020-06-13
0.05532007,0.0068581193,0.006821272,0.00682631,0.0068212333,0.0068423557,0.91051066,2020-06-14
0.0065191993,0.15390648,0.006507761,0.29983017,0.19803317,0.120167345,0.21503592,2020-06-15
0.03573473,0.035778128,0.03573473,0.035831567,0.03573473,0.035855316,0.78533083,2020-06-16
0.010217927,0.010235805,0.010213823,0.01021661,0.0102155,0.010259716,0.9386406,2020-06-17
0.1970636,0.17889945,0.007159122,0.007168536,0.0071621374,0.20743239,0.39511478,2020-06-18
0.0075973654,0.0075902203,0.007583142,0.25515217,0.26830304,0.1376596,0.31611443,2020-06-19
0.008469112,0.09644479,0.008446408,0.008450804,0.06788245,0.0084621105,0.8018443,2020-06-20
0.011923876,0.17377497,0.011923453,0.26679048,0.01192398,0.011947264,0.51171595,2020-06-21
0.008429616,0.008444064,0.008429616,0.28384814,0.008431691,0.39000723,0.2924097,2020-06-22
0.15615782,0.0060200333,0.0060089813,0.0060121813,0.09220919,0.1950344,0.53855735,2020-06-23
0.20513725,0.0075468956,0.0075370753,0.06852235,0.13317698,0.18536468,0.39271477,2020-06-24
0.008413452,0.008432745,0.008413453,0.008425797,0.008415251,0.008429449,0.9494698,2020-06-25
0.0060316157,0.006011519,0.006005018,0.0060197636,0.26310602,0.70681024,0.0060158214,2020-06-26
0.010250627,0.010267274,0.010223467,0.01023092,0.010223306,0.010246918,0.9385575,2020-06-27
0.014297058,0.014340676,0.014298906,0.014299628,0.0143017955,0.91409975,0.0143622,2020-06-28
0.0476243,0.0476243,0.0476243,0.04782893,0.0476243,0.047694005,0.7139799,2020-06-29
0.087322645,0.008433946,0.008420951,0.25752106,0.008421142,0.12276469,0.50711554,2020-06-30
0.013521741,0.013336811,0.08137452,0.35727033,0.013335146,0.013352393,0.50780904,2020-07-01
0.01801215,0.018234583,0.5152216,0.018010506,0.018007666,0.018109396,0.3944041,2020-07-02
0.33362538,0.013007454,0.013004761,0.013013895,0.013065359,0.34097293,0.27331018,2020-07-03
0.017991582,0.018140776,0.7665079,0.14332215,0.017991582,0.018054437,0.017991578,2020-07-04
0.397367,0.007984785,0.007969562,0.00798475,0.007969045,0.20455341,0.36617142,2020-07-05
0.0075350553,0.0075371563,0.007530104,0.007548323,0.0075314427,0.38133228,0.58098567,2020-07-06
0.023860298,0.02390486,0.023835048,0.27210307,0.023835046,0.23511231,0.3973494,2020-07-07
0.22852229,0.21330017,0.010470361,0.0105336225,0.0104705645,0.01047903,0.51622397,2020-07-08
0.0062232586,0.006249246,0.0062228204,0.054269962,0.006239565,0.0062302737,0.9145649,2020-07-09
0.0075484114,0.0075403256,0.0075366315,0.19748786,0.0075366315,0.4836013,0.2887488,2020-07-10
0.0068309037,0.25408196,0.00682324,0.14192277,0.00682324,0.46058318,0.122934684,2020-07-11
0.13218749,0.0065489006,0.006519417,0.006566936,0.0065210424,0.3123378,0.5293184,2020-07-12
0.7765653,0.011032844,0.091048695,0.08819595,0.011046446,0.011030885,0.011079904,2020-07-13
0.017910676,0.017936012,0.017905496,0.0179774,0.017915783,0.017939402,0.8924152,2020-07-14
0.23530275,0.007994918,0.007956499,0.007963878,0.007958693,0.19534792,0.5374754,2020-07-15
0.011969225,0.011969224,0.9281604,0.011969225,0.01197414,0.011969224,0.0119885765,2020-07-16
0.2627703,0.008503195,0.0084806895,0.27175322,0.008475581,0.00851766,0.4314994,2020-07-17
0.0110142315,0.792822,0.0110142315,0.011028108,0.01101462,0.01106854,0.15203823,2020-07-18
0.006236001,0.006224542,0.0062224534,0.41779163,0.0062228115,0.55104494,0.006257651,2020-07-19
0.01021665,0.010236013,0.010216651,0.09454835,0.010216651,0.1020559,0.76250976,2020-07-20
0.11004941,0.005521978,0.005520782,0.37076986,0.005518425,0.0055612545,0.4970583,2020-07-21
0.013047928,0.6996607,0.013016345,0.013011372,0.013011372,0.23522767,0.013024535,2020-07-22
0.009544224,0.5198596,0.009544224,0.18327044,0.009544224,0.009551597,0.25868568,2020-07-23
0.009544004,0.1333612,0.009545709,0.3105256,0.07801198,0.009556625,0.44945487,2020-07-24
0.097489946,0.008462231,0.008419281,0.5655769,0.008419281,0.008439267,0.30319315,2020-07-25
0.015954338,0.0159673,0.015924785,0.015996516,0.015924785,0.26467076,0.6555615,2020-07-26
0.023830676,0.023914011,0.023823932,0.023861846,0.023824606,0.023942672,0.8568022,2020-07-27
0.014311747,0.014309271,0.014308215,0.014350357,0.014309903,0.014317531,0.914093,2020-07-28
0.009610538,0.009571477,0.009541348,0.6445188,0.07598391,0.009586583,0.2411874,2020-07-29
0.0130294785,0.013035997,0.0130235925,0.0130528435,0.0130235925,0.606351,0.32848346,2020-07-30
0.0062185354,0.006229049,0.0062189116,0.37615156,0.0062189717,0.0062402487,0.5927228,2020-07-31
0.0075467103,0.0075344024,0.007532652,0.073947184,0.06077364,0.56726974,0.2753956,2020-08-01
0.2820774,0.0075563313,0.007547583,0.17388496,0.0075478107,0.16568376,0.35570207,2020-08-02
0.008005985,0.007991134,0.0079784095,0.0079813115,0.007979238,0.11937212,0.8406918,2020-08-03
0.01301678,0.23101045,0.013020683,0.23881838,0.013018388,0.01307742,0.4780379,2020-08-04
0.30667025,0.013052022,0.013005987,0.162049,0.013005987,0.013022869,0.47919387,2020-08-05
0.00841348,0.008419308,0.008409712,0.52044785,0.00841201,0.43745157,0.008446041,2020-08-06
0.015767718,0.015812485,0.015655572,0.4381099,0.015712189,0.015702069,0.48324004,2020-08-07
0.03555094,0.007361571,0.0073517705,0.22298105,0.007351353,0.38475686,0.33464646,2020-08-08
0.086251535,0.010261214,0.010238023,0.34514087,0.010238023,0.29279846,0.24507187,2020-08-09
0.11147409,0.24472386,0.00497679,0.08892339,0.0049771564,0.005005014,0.5399197,2020-08-10
0.036017556,0.035929218,0.194499,0.03594289,0.2859797,0.035954874,0.37567678,2020-08-11
0.0057606045,0.41723004,0.04535387,0.14631498,0.046156373,0.0057706432,0.33341348,2020-08-12
0.24980627,0.016069354,0.016071947,0.12758969,0.016215885,0.15063918,0.42360765,2020-08-13
0.009545001,0.009546853,0.009532556,0.37524238,0.009532556,0.27684733,0.3097533,2020-08-14
0.0071547837,0.0071581774,0.007153113,0.0071563167,0.007154601,0.13266948,0.8315535,2020-08-15
0.06147582,0.0060388925,0.0060316967,0.0060461126,0.0060323146,0.1963855,0.7179897,2020-08-16
0.26170492,0.008944039,0.008939959,0.07882862,0.008939959,0.00901858,0.6236239,2020-08-17
0.23268765,0.0068404945,0.0068332623,0.109795205,0.006834623,0.27313918,0.36386955,2020-08-18
0.00847127,0.008474269,0.008471271,0.0084909685,0.30015472,0.4585109,0.2074266,2020-08-19
0.13101284,0.00795539,0.007949689,0.44344753,0.007950703,0.007984521,0.3936993,2020-08-20
0.03580622,0.03582279,0.03576018,0.035816003,0.28581706,0.28563914,0.2853386,2020-08-21
0.1320137,0.02008321,0.019942576,0.10134966,0.019930635,0.15792672,0.5487535,2020-08-22
0.012169482,0.25399405,0.18180005,0.012147226,0.012160092,0.012208269,0.5155209,2020-08-23
0.0072047696,0.0072170612,0.1606464,0.31619793,0.0071982886,0.45943415,0.042101387,2020-08-24
0.007531656,0.3969432,0.007539648,0.007531656,0.0075777313,0.5653303,0.00754576,2020-08-25
0.43474028,0.0068357917,0.0068328544,0.06327611,0.0068334695,0.00686166,0.47461984,2020-08-26
0.0062439186,0.006271551,0.0062458157,0.05434721,0.0477475,0.21606103,0.663083,2020-08-27
0.008425588,0.008452709,0.008427069,0.008450838,0.008429645,0.7242423,0.23357184,2020-08-28
0.005977877,0.0059775175,0.005969478,0.37153387,0.19783004,0.25983483,0.15287642,2020-08-29
0.006519846,0.006525791,0.0065179574,0.5701134,0.0065194694,0.090487696,0.31331584,2020-08-30
0.056303967,0.0068356534,0.0068131974,0.3247176,0.0068174684,0.0068607256,0.59165144,2020-08-31
0.0079767145,0.0079787765,0.007970757,0.216646,0.007983335,0.40003392,0.3514105,2020-09-01
0.25735813,0.00597239,0.0059692143,0.0059747295,0.4913233,0.22742094,0.0059813047,2020-09-02
0.011069523,0.011046682,0.011054548,0.15325622,0.011046265,0.37422013,0.42830667,2020-09-03
0.082775444,0.069799334,0.0072245137,0.007223315,0.0072327773,0.47630897,0.34943563,2020-09-04
0.013003961,0.013000499,0.012991056,0.115747556,0.01299969,0.013015296,0.819242,2020-09-05
0.12210948,0.0071515045,0.0071471357,0.13753714,0.0071471357,0.007176115,0.7117315,2020-09-06
0.011968886,0.011999516,0.011968886,0.19029081,0.011968886,0.7497696,0.012033375,2020-09-07
0.020417044,0.020417044,0.020417044,0.30607846,0.020448077,0.5917451,0.020477261,2020-09-08
0.07428024,0.0075426376,0.0075347684,0.007543338,0.007533908,0.08698949,0.8085756,2020-09-09
0.005751402,0.0057771076,0.0057459706,0.25664997,0.0057498566,0.25404468,0.466281,2020-09-10
0.060150895,0.0072365794,0.0072045866,0.007206273,0.0072064064,0.0072347797,0.9037605,2020-09-11
0.0065099075,0.006518198,0.0065104472,0.2924856,0.0065099075,0.44021896,0.24124697,2020-09-12
0.023928834,0.023900762,0.023983514,0.023900764,0.023919532,0.8564658,0.023900762,2020-09-13
0.0075549413,0.007559339,0.0075475993,0.14040834,0.007550445,0.1306692,0.69871014,2020-09-14
0.2111114,0.008499825,0.0084937215,0.22328173,0.008494527,0.008535218,0.53158355,2020-09-15
0.17260195,0.009880339,0.009873093,0.19445561,0.009877083,0.009903845,0.59340805,2020-09-16
0.07142879,0.07142879,0.07142879,0.5711227,0.07142879,0.07142879,0.07173332,2020-09-17
0.1049584,0.006684241,0.006679453,0.1884496,0.0066803475,0.006706706,0.6798412,2020-09-18
0.20374054,0.008461004,0.008434822,0.3165767,0.0084429905,0.09617956,0.35816443,2020-09-19
0.4808501,0.0062374943,0.0062311594,0.006241155,0.0062311594,0.0062418296,0.48796704,2020-09-20
0.6050377,0.017950322,0.017934803,0.018000627,0.017934803,0.017985541,0.3051562,2020-09-21
0.06696681,0.00852365,0.008468303,0.24802539,0.00846729,0.008483062,0.6510655,2020-09-22
0.02392405,0.024072582,0.02392405,0.21783623,0.023930455,0.4227038,0.26360884,2020-09-23
0.056687318,0.23889153,0.14358583,0.006283722,0.0063057323,0.0063365824,0.5419093,2020-09-24
0.02858571,0.02858571,0.02858571,0.028761143,0.02858571,0.4513227,0.40557337,2020-09-25
0.007547224,0.8955864,0.0075452966,0.06661847,0.0075451974,0.0075849714,0.0075725056,2020-09-26
0.009541676,0.009553627,0.009535846,0.009551167,0.0095425295,0.009554639,0.9427205,2020-09-27
0.01134778,0.33640683,0.16686788,0.011325611,0.011338079,0.01138388,0.45132995,2020-09-28
0.02050326,0.020508282,0.02050326,0.020616824,0.02050326,0.57514733,0.32221776,2020-09-29
0.0065264506,0.0065284017,0.0065222443,0.06961923,0.006542861,0.006534261,0.89772654,2020-09-30
0.20796856,0.0071821767,0.0071786707,0.12617218,0.08401137,0.37205067,0.19543633,2020-10-01
0.014326936,0.80027175,0.014330646,0.12804314,0.014333944,0.0143308425,0.014362762,2020-10-02
0.07661998,0.009620933,0.009611125,0.009648425,0.009611125,0.66910774,0.21578068,2020-10-03
0.08093491,0.24868378,0.39648202,0.006512227,0.0065134214,0.25434417,0.0065294597,2020-10-04
0.0055094697,0.0055087116,0.005503283,0.056078963,0.0055035525,0.25798035,0.6639157,2020-10-05
0.06214037,0.13502628,0.0057228315,0.005724968,0.005745169,0.27441654,0.51122385,2020-10-06
0.009563271,0.009580761,0.009558328,0.00955671,0.009559801,0.39786565,0.55431545,2020-10-07
0.13051355,0.005761152,0.0057565053,0.38802388,0.005764337,0.17673446,0.28744614,2020-10-08
0.015931305,0.78557235,0.015945625,0.015933843,0.13469048,0.015945394,0.01598103,2020-10-09
0.0062266057,0.11631488,0.0062269815,0.0062683467,0.006226383,0.083927326,0.7748095,2020-10-10
0.01785996,0.51787484,0.01786449,0.39274725,0.017861692,0.017872075,0.017919673,2020-10-11
0.00572849,0.25873652,0.005724528,0.005725777,0.005724151,0.71262527,0.0057352427,2020-10-12
0.0057447525,0.005743097,0.0057265377,0.22456296,0.005733609,0.21396631,0.5385227,2020-10-13
0.00649896,0.00649896,0.006506111,0.051928475,0.91556776,0.006500764,0.00649896,2020-10-14
0.011033639,0.57708967,0.011023592,0.011020929,0.01102828,0.36774603,0.011057841,2020-10-15
0.0102816215,0.18779686,0.0102436505,0.16423228,0.010261073,0.28454632,0.33263817,2020-10-16
0.011933235,0.01196547,0.011925091,0.7683726,0.011925322,0.0119249,0.17195344,2020-10-17
0.26896316,0.0062458357,0.006224882,0.17292203,0.00623938,0.006241144,0.5331636,2020-10-18
0.0062742885,0.006269744,0.14525253,0.16158962,0.07983375,0.31053218,0.2902479,2020-10-19
0.012012176,0.012052266,0.012007859,0.012015748,0.012008906,0.012056253,0.9278468,2020-10-20
0.1051283,0.15799809,0.0071664895,0.0071963444,0.007171173,0.28917232,0.42616728,2020-10-21
0.28718272,0.009569849,0.009567665,0.17714733,0.009566803,0.40271592,0.10424975,2020-10-22
0.0089689065,0.008971614,0.76048803,0.11834676,0.08528688,0.008968906,0.008968906,2020-10-23
0.015910018,0.015910016,0.015910018,0.19882225,0.015910018,0.45593658,0.28160113,2020-10-24
0.017951677,0.017903319,0.017866807,0.017866807,0.017951606,0.89244366,0.01801611,2020-10-25
0.007547473,0.0075567896,0.007541706,0.1292799,0.27012748,0.4554179,0.122528754,2020-10-26
0.3840661,0.049105976,0.04910602,0.049106013,0.04910602,0.049105965,0.37040392,2020-10-27
0.0064987754,0.0065294867,0.0065010614,0.15218365,0.0065109194,0.0065183793,0.8152577,2020-10-28
0.0131894015,0.19039121,0.013180242,0.01318024,0.013181285,0.4399965,0.3168811,2020-10-29
0.007980493,0.007992161,0.06479085,0.008013095,0.00798133,0.6543039,0.24893816,2020-10-30
0.0102552585,0.010261812,0.010250576,0.010252877,0.3450371,0.31648687,0.2974555,2020-10-31
0.00813025,0.453845,0.008130934,0.0081695495,0.06633862,0.008152145,0.44723347,2020-11-01
0.011001182,0.011002643,0.010994922,0.011003549,0.010996003,0.011058855,0.93394285,2020-11-02
0.117074676,0.007181065,0.0071540293,0.0071610995,0.0071591614,0.0072085448,0.8470614,2020-11-03
0.006859145,0.0068378323,0.15575136,0.059802137,0.0068482957,0.49287537,0.27102584,2020-11-04
0.0062309136,0.21059604,0.0062178504,0.08440881,0.006224398,0.29241717,0.39390478,2020-11-05
0.047659367,0.047659367,0.047659367,0.7139608,0.047659367,0.047659367,0.047742333,2020-11-06
0.013060988,0.013052991,0.013043304,0.3272738,0.013043304,0.013078795,0.60744685,2020-11-07
0.009536933,0.009573569,0.009555034,0.10567947,0.009555128,0.64573115,0.2103687,2020-11-08
0.008954914,0.00894715,0.008937003,0.008941889,0.008945779,0.8206192,0.13465403,2020-11-09
0.43885908,0.0062619103,0.0062280786,0.0062320214,0.0062378813,0.006245305,0.5299357,2020-11-10
0.21984717,0.007589856,0.0075947717,0.007590086,0.007587995,0.7421837,0.0076064533,2020-11-11
0.28173354,0.008974162,0.008962329,0.00897474,0.008960007,0.009012865,0.67338234,2020-11-12
0.0071735433,0.8506599,0.05729196,0.06329568,0.0071716164,0.0072097173,0.0071975864,2020-11-13
0.09351023,0.011967602,0.011953906,0.24029914,0.011956328,0.61829937,0.012013477,2020-11-14
0.014435159,0.01438846,0.014361557,0.26266527,0.014418238,0.014462994,0.66526836,2020-11-15
0.226689,0.008437634,0.008437988,0.008446356,0.008432353,0.008454312,0.7311024,2020-11-16
0.0065054246,0.18412237,0.006503939,0.1802926,0.15796827,0.21914734,0.24546003,2020-11-17
0.004930762,0.004935558,0.0049389154,0.9010104,0.074315734,0.0049310722,0.0049375845,2020-11-18
0.006225717,0.0062253196,0.006216118,0.17181502,0.006216224,0.0062287254,0.7970729,2020-11-19
0.07138216,0.005739356,0.005719959,0.0057218177,0.005718086,0.005749896,0.89996874,2020-11-20
0.014305008,0.014297082,0.014296168,0.014397725,0.014296168,0.38071975,0.54768807,2020-11-21
0.06574286,0.00756074,0.007543073,0.07419654,0.007555552,0.22246578,0.61493546,2020-11-22
0.16320315,0.020467738,0.58346117,0.020467738,0.02048629,0.17141373,0.020500233,2020-11-23
0.035731874,0.035731874,0.035731874,0.7855689,0.035731874,0.035731874,0.035771698,2020-11-24
0.008458864,0.0084720515,0.008443124,0.14575449,0.008456371,0.8119181,0.008497073,2020-11-25
0.11210145,0.006834006,0.0068340516,0.0068353326,0.8041164,0.0068421783,0.056436505,2020-11-26
0.008414593,0.008423386,0.008414126,0.00846296,0.008415412,0.5898094,0.36806005,2020-11-27
0.05553966,0.1923834,0.0065730927,0.31783336,0.006571802,0.08189222,0.3392065,2020-11-28
0.01608984,0.016103234,0.016091213,0.33864275,0.016094055,0.016156973,0.580822,2020-11-29
0.009554412,0.009546201,0.009531913,0.009549942,0.009532155,0.009546546,0.94273883,2020-11-30
0.007174537,0.1281119,0.0071741114,0.4724077,0.007174162,0.0071970075,0.37076065,2020-12-01
0.10719448,0.0065085855,0.006504474,0.11151489,0.0065052873,0.222295,0.5394773,2020-12-02
0.30553892,0.007193725,0.65849394,0.0071933633,0.0071933633,0.007193362,0.007193362,2020-12-03
0.13892096,0.00959356,0.009549527,0.093397744,0.009576982,0.009583889,0.7293773,2020-12-04
0.11100839,0.009015893,0.008996858,0.24998997,0.13321538,0.009020639,0.47875288,2020-12-05
0.3133733,0.006828836,0.0068194685,0.0068496447,0.0068190526,0.07361491,0.5856948,2020-12-06
0.007158757,0.0071932166,0.0071580475,0.32231307,0.0071581206,0.46170193,0.1873169,2020-12-07
0.15002392,0.017960258,0.017874137,0.017885089,0.017866576,0.017914996,0.76047504,2020-12-08
0.14285715,0.14285715,0.14285715,0.14285715,0.14285715,0.14285715,0.14285715,2020-12-09
0.35531136,0.007983396,0.007953466,0.007957581,0.007950538,0.24335189,0.36949176,2020-12-10
0.28338146,0.006891012,0.0068814196,0.2869677,0.0068803923,0.31095362,0.09804444,2020-12-11
0.008432142,0.15677702,0.00842125,0.21785763,0.008422096,0.008439396,0.5916505,2020-12-12
0.38074163,0.047621135,0.047621135,0.3807591,0.047621135,0.047727287,0.04790858,2020-12-13
0.057632547,0.0062286165,0.0062209475,0.17568363,0.0062216925,0.5283616,0.21965092,2020-12-14
0.13655274,0.008467382,0.07603989,0.08837004,0.008440192,0.008473207,0.6736566,2020-12-15
0.07142879,0.07142879,0.07142879,0.5711166,0.07142879,0.07142879,0.0717394,2020-12-16
0.02859529,0.5190789,0.028604995,0.028606476,0.028609913,0.028754422,0.33775002,2020-12-17
0.0057613333,0.1809436,0.0057354784,0.005731925,0.005755012,0.5929246,0.203148,2020-12-18
0.011932678,0.33353865,0.011923016,0.012084245,0.011927017,0.011980779,0.60661364,2020-12-19
0.14654405,0.01840908,0.018404095,0.16769269,0.018404095,0.018480094,0.6120659,2020-12-20
0.00845783,0.008473763,0.008449033,0.008453393,0.00845016,0.008472215,0.9492436,2020-12-21
0.007962421,0.007962385,0.007959219,0.07439951,0.007959731,0.602949,0.2908077,2020-12-22
0.007564891,0.0075383424,0.0075245514,0.87965107,0.007561349,0.0075624934,0.08259728,2020-12-23
0.12710416,0.007202832,0.0071844626,0.33044577,0.0071844626,0.054033406,0.4668449,2020-12-24
0.017873783,0.01796215,0.01788098,0.017956188,0.017881373,0.17832522,0.7321203,2020-12-25
0.13426465,0.0160423,0.01596371,0.14835067,0.015956664,0.016001679,0.6534203,2020-12-26
0.036377467,0.03643079,0.03637747,0.5270419,0.03637747,0.29081514,0.036579728,2020-12-27
0.0119406115,0.0119796945,0.011932167,0.34411794,0.011932167,0.18622048,0.4218769,2020-12-28
0.094827175,0.011014545,0.011015102,0.010998728,0.011003736,0.8501139,0.011026741,2020-12-29
0.0068297763,0.006845828,0.7791378,0.18665016,0.006833868,0.0068463944,0.006856186,2020-12-30
0.007971441,0.8306717,0.007967963,0.12946153,0.007966971,0.007986381,0.007973982,2020-12-31
0.0065470994,0.0065472643,0.0065397057,0.11319456,0.0065399455,0.37940446,0.48122695,2021-01-01
0.14207274,0.015110488,0.015110511,0.07264327,0.01511051,0.015144849,0.7248076,2021-01-02
0.049631827,0.21765955,0.006272228,0.056926884,0.006275038,0.0062907925,0.6569437,2021-01-03
0.54447097,0.0205251,0.020416906,0.020416906,0.020417621,0.020423956,0.35332856,2021-01-04
0.108136475,0.10439429,0.0065043345,0.1310071,0.0065102596,0.27636078,0.36708677,2021-01-05
0.32877016,0.006897382,0.006887618,0.06272602,0.0068860417,0.00689428,0.5809385,2021-01-06
0.0063312985,0.006327883,0.006320444,0.25427005,0.006320444,0.2868286,0.43360126,2021-01-07
0.13474783,0.41398484,0.015916798,0.1271158,0.01600207,0.2762382,0.015994474,2021-01-08
0.09208412,0.12431237,0.16027643,0.05279814,0.043891184,0.00536246,0.5212753,2021-01-09
0.10390678,0.0119943395,0.011979264,0.29700983,0.011987721,0.012061947,0.55106014,2021-01-10
0.01432487,0.014327264,0.01432487,0.014340941,0.01432487,0.01438335,0.91397387,2021-01-11
0.0952635,0.011923158,0.0119159315,0.18485072,0.0119159315,0.01193988,0.6721909,2021-01-12
0.00596228,0.0059655355,0.005964489,0.0059688785,0.0059631523,0.0059798434,0.96419585,2021-01-13
0.009011018,0.7510838,0.2038649,0.00899941,0.009004634,0.009012623,0.00902362,2021-01-14
0.036376975,0.036430165,0.03637698,0.5270578,0.03637698,0.29082653,0.036554556,2021-01-15
0.010217565,0.010271999,0.010227326,0.010237824,0.010245281,0.59331745,0.35548252,2021-01-16
0.15780312,0.015983831,0.015914535,0.25021735,0.015898548,0.015934044,0.52824855,2021-01-17
0.010233689,0.010233689,0.9385956,0.010236007,0.010233689,0.010233688,0.010233688,2021-01-18
0.012997086,0.013028399,0.013000818,0.26004818,0.013001022,0.013001663,0.6749228,2021-01-19
0.339578,0.007970098,0.007959045,0.008006603,0.007961839,0.5350382,0.09348618,2021-01-20
0.011938153,0.01195307,0.011910476,0.21396416,0.011910742,0.011951068,0.72637236,2021-01-21
0.0057535227,0.0057489136,0.005748915,0.04932809,0.005748915,0.38307995,0.54459167,2021-01-22
0.012059724,0.012126387,0.27598146,0.012042142,0.01204553,0.01208395,0.6636608,2021-01-23
0.03637694,0.03643012,0.036376942,0.52705884,0.036376942,0.29082718,0.036552995,2021-01-24
0.023872701,0.023968227,0.023890851,0.58615965,0.02389184,0.023894975,0.2943218,2021-01-25
0.10293,0.006256421,0.0062268884,0.22889557,0.006227939,0.00627902,0.6431842,2021-01-26
0.0065248786,0.0065208417,0.006508796,0.16357797,0.0065088407,0.006557047,0.8038016,2021-01-27
0.007548934,0.0075648674,0.007544277,0.14932176,0.058997512,0.007572659,0.76145,2021-01-28
0.27566442,0.00958182,0.6033241,0.082735024,0.009551389,0.009552164,0.009591115,2021-01-29
0.014313235,0.014375768,0.014313235,0.12710668,0.014324548,0.014377701,0.8011888,2021-01-30
0.0129901795,0.013064073,0.012990159,0.33845875,0.013002878,0.013050491,0.5964435,2021-01-31
0.011035286,0.011006283,0.0109993955,0.011005264,0.011000768,0.011043193,0.9339098,2021-02-01
0.21131027,0.5053377,0.0068261153,0.006822248,0.0068529737,0.006863753,0.255987,2021-02-02
0.08398272,0.005523897,0.005512532,0.0946463,0.005514542,0.32935163,0.47546837,2021-02-03
0.023881197,0.023895066,0.023881197,0.023959847,0.023881197,0.4412832,0.43921825,2021-02-04
0.0053189863,0.0053182743,0.0053169075,0.11786973,0.0053170915,0.4821373,0.37872174,2021-02-05
0.0060189064,0.006024211,0.006007062,0.085362755,0.0060245865,0.18018998,0.7103725,2021-02-06
0.009549235,0.0095556965,0.009541356,0.4256409,0.00953973,0.00956311,0.5266099,2021-02-07
0.023865188,0.023992846,0.023880208,0.2879894,0.023881026,0.02391874,0.5924726,2021-02-08
0.009556756,0.009563654,0.009556757,0.009630439,0.3504575,0.51141876,0.09981615,2021-02-09
0.008474074,0.4059505,0.008467574,0.07551969,0.06770157,0.0085355695,0.42535105,2021-02-10
0.0068535064,0.0068350527,0.0068241116,0.0068321126,0.006829033,0.37426057,0.59156567,2021-02-11
0.009543922,0.009546209,0.00953315,0.35368702,0.009534317,0.32152402,0.28663138,2021-02-12
0.0075340928,0.0075375903,0.0075293705,0.066810526,0.007529428,0.0075801704,0.89547884,2021-02-13
0.008468681,0.0085183475,0.008457289,0.22895165,0.008461208,0.25055933,0.4865835,2021-02-14
0.010233033,0.010252975,0.010235097,0.093184106,0.010235208,0.0102531575,0.85560644,2021-02-15
0.015885545,0.015891138,0.015885545,0.16966262,0.015901241,0.015926724,0.75084716,2021-02-16
0.0075798915,0.0075526577,0.0075328825,0.007544644,0.0075328825,0.5400707,0.42218637,2021-02-17
0.005992332,0.16260839,0.005984185,0.262801,0.0059846994,0.0059940834,0.5506353,2021-02-18
0.011957056,0.011996251,0.011944892,0.42682615,0.01194489,0.012032839,0.51329786,2021-02-19
0.008322429,0.0083745215,0.008322433,0.50076884,0.008329136,0.008348907,0.45753375,2021-02-20
0.023847576,0.2771439,0.023839654,0.023821166,0.02382404,0.60363173,0.023891894,2021-02-21
0.00755483,0.007573563,0.00755483,0.21449038,0.00755519,0.00758296,0.74768823,2021-02-22
0.008475783,0.36136907,0.008450846,0.14706393,0.008451263,0.008473345,0.45771572,2021-02-23
0.0075331354,0.0075451564,0.0075281966,0.74343973,0.0075480603,0.0075538508,0.21885183,2021-02-24
0.16266483,0.020558113,0.020462157,0.020476038,0.020443326,0.020479288,0.7349162,2021-02-25
0.01286528,0.3939158,0.012865287,0.32816127,0.012866363,0.0129148485,0.22641116,2021-02-26
0.008351705,0.008360859,0.008349983,0.2854757,0.008349982,0.008367701,0.6727441,2021-02-27
0.011019815,0.011059206,0.011019589,0.011032669,0.011032391,0.11116377,0.8336726,2021-02-28
0.0075238235,0.0075638206,0.0075255428,0.00754275,0.007522452,0.11933302,0.84298855,2021-03-01
0.036377043,0.036430247,0.036377046,0.5270558,0.036377046,0.29082525,0.036557537,2021-03-02
0.07080904,0.3069717,0.008432653,0.00843873,0.008432952,0.5884442,0.008470663,2021-03-03
0.014515014,0.014590557,0.014515015,0.23635858,0.014528677,0.014592605,0.6908996,2021-03-04
0.28784814,0.018018717,0.49646756,0.14354104,0.01801872,0.018075954,0.018029837,2021-03-05
0.020494798,0.020467505,0.020467505,0.020492874,0.020467505,0.02051295,0.8770969,2021-03-06
0.008996694,0.07797753,0.75383514,0.009115324,0.008997276,0.0089966925,0.1320813,2021-03-07
0.060984585,0.09378083,0.007159852,0.23377462,0.0071553406,0.58994824,0.007196509,2021-03-08
0.27425557,0.028717658,0.028647322,0.02873065,0.028677383,0.028664293,0.5823071,2021-03-09
0.011058495,0.011021156,0.011021475,0.3582913,0.011018583,0.11707903,0.48050997,2021-03-10
0.2912465,0.0066157035,0.0066042435,0.0066355057,0.040310934,0.5602058,0.088381335,2021-03-11
0.0075305705,0.007532556,0.00752444,0.13734132,0.007524006,0.0075610876,0.82498604,2021-03-12
0.014352299,0.0143803,0.014352299,0.0143947285,0.014352299,0.18183,0.746338,2021-03-13
0.12799953,0.006527863,0.0065136217,0.006521046,0.3181927,0.23364161,0.30060363,2021-03-14
0.047903173,0.047903165,0.047903173,0.048118286,0.047903173,0.047903165,0.7123659,2021-03-15
0.02048642,0.020496346,0.0204667,0.38043374,0.0204667,0.020488048,0.517162,2021-03-16
0.008982948,0.3791005,0.008960112,0.18407895,0.0089655435,0.008983662,0.40092826,2021-03-17
0.6398659,0.023815876,0.023812847,0.023989359,0.023812847,0.023866063,0.24083716,2021-03-18
0.010994106,0.011075959,0.011004699,0.10684707,0.010995111,0.46941102,0.37967205,2021-03-19
0.007159897,0.0071971053,0.00715845,0.37969095,0.007160308,0.007193775,0.5844395,2021-03-20
0.048231225,0.007248564,0.0072318306,0.0072350907,0.007232833,0.0072536534,0.9155668,2021-03-21
0.00753401,0.007536755,0.0075262827,0.007531926,0.0075276745,0.4152827,0.5470606,2021-03-22
0.036376912,0.036430087,0.036376916,0.5270596,0.036376916,0.29082763,0.036551937,2021-03-23
0.10275989,0.14037812,0.013020891,0.7046854,0.013021117,0.013066067,0.013068589,2021-03-24
0.07142959,0.07187599,0.07142959,0.07142959,0.07142959,0.071517274,0.5708884,2021-03-25
0.011042239,0.011054879,0.011036078,0.011120033,0.011036588,0.7244462,0.22026402,2021-03-26
0.006833207,0.12585525,0.006823609,0.07495602,0.054556977,0.10857619,0.6223987,2021-03-27
0.04979556,0.0051355953,0.005129229,0.0051428103,0.005126007,0.52445704,0.4052137,2021-03-28
0.0062469216,0.006233512,0.0062282667,0.48786184,0.09928213,0.0062368107,0.38791054,2021-03-29
0.048230596,0.04766148,0.04766148,0.04766148,0.04766148,0.04783954,0.71328396,2021-03-30
0.008415382,0.008461801,0.008419087,0.008452774,0.008419074,0.37220094,0.5856309,2021-03-31
0.023822984,0.023922263,0.023822984,0.27365,0.023984147,0.24857269,0.38222495,2021-04-01
0.0053221793,0.0053282892,0.0053069964,0.46715817,0.09950112,0.2288565,0.18852676,2021-04-02
0.2203533,0.27990684,0.014313725,0.0143669285,0.014310823,0.014325347,0.442423,2021-04-03
0.007187378,0.0071820016,0.0071666343,0.0071731918,0.007167074,0.007211954,0.95691174,2021-04-04
0.0065074037,0.0065144673,0.006504012,0.43996334,0.0065077846,0.06591974,0.4680832,2021-04-05
0.020585662,0.020537274,0.020537278,0.5503085,0.020537278,0.020564795,0.34692916,2021-04-06
0.03585737,0.03585095,0.035768647,0.3720581,0.035768647,0.4487807,0.03591558,2021-04-07
0.014294887,0.014324127,0.014295971,0.30941188,0.014296451,0.014393107,0.61898357,2021-04-08
0.0129893515,0.013019485,0.0129893515,0.0130005255,0.0129893515,0.013020658,0.9219913,2021-04-09
0.028573327,0.028749876,0.028606853,0.028633913,0.028573327,0.028664572,0.8281981,2021-04-10
0.49321204,0.014406914,0.014310028,0.014353506,0.01431897,0.0144262165,0.4349723,2021-04-11
0.37279335,0.007213346,0.007160569,0.20532784,0.007162859,0.10580189,0.29454014,2021-04-12
0.008497487,0.07325946,0.008454389,0.13821472,0.008455781,0.00848595,0.7546322,2021-04-13
0.009584291,0.29116395,0.009561963,0.19784363,0.009562495,0.009587022,0.47269666,2021-04-14
0.0075883027,0.0075884457,0.0075763185,0.25314647,0.114660606,0.007586666,0.60185313,2021-04-15
0.06861976,0.008012143,0.008010285,0.19532429,0.12037366,0.25377196,0.3458879,2021-04-16
0.16266485,0.020560877,0.020462159,0.020476045,0.020443328,0.020479295,0.73491347,2021-04-17
0.017901832,0.018066803,0.017891588,0.017891588,0.017923536,0.017970676,0.89235395,2021-04-18
0.0119457645,0.012025324,0.011952295,0.011934086,0.36199644,0.012041159,0.5781049,2021-04-19
0.0071834447,0.0071837157,0.0071584815,0.18329458,0.007164484,0.10474181,0.6832735,2021-04-20
0.060352717,0.0075325947,0.0075249253,0.49435,0.007533503,0.17123629,0.25147,2021-04-21
0.1485578,0.010264381,0.010225098,0.010234612,0.010226044,0.41896576,0.3915263,2021-04-22
0.14396508,0.011053903,0.011039534,0.5757679,0.011039534,0.2360252,0.011108833,2021-04-23
0.0784547,0.0064984136,0.006479837,0.31257424,0.006481424,0.3910368,0.1984746,2021-04-24
0.047893357,0.71373254,0.047624193,0.047774035,0.04763435,0.047695544,0.04764597,2021-04-25
0.13315405,0.014370103,0.01429726,0.1410554,0.01429726,0.014341741,0.66848415,2021-04-26
0.0075325225,0.0075673573,0.0075273863,0.5456125,0.0075294925,0.0075711096,0.41665965,2021-04-27
0.071576655,0.071576655,0.071576655,0.5705401,0.071576655,0.07157665,0.07157665,2021-04-28
0.21135518,0.009563431,0.009543116,0.009553307,0.009543284,0.009550372,0.7408913,2021-04-29
0.00599338,0.21425132,0.005983668,0.05142563,0.0059851226,0.13431817,0.5820427,2021-04-30
0.006820614,0.099072166,0.0068119736,0.42776367,0.006812022,0.006852679,0.4458669,2021-05-01
0.017953938,0.018054547,0.01786353,0.01787938,0.017870327,0.01794993,0.89242834,2021-05-02
0.007962803,0.007976429,0.007956627,0.2365655,0.007958455,0.007996037,0.7235842,2021-05-03
0.009458983,0.009445094,0.009440286,0.48965856,0.009440285,0.10552211,0.36703467,2021-05-04
0.24964978,0.007549113,0.007539259,0.0075481483,0.007536335,0.0075720386,0.71260536,2021-05-05
0.009539113,0.00957426,0.009533002,0.38034412,0.009533002,0.009579799,0.57189673,2021-05-06
0.33743295,0.00896712,0.008962838,0.102055326,0.008962839,0.17973888,0.35388005,2021-05-07
0.007973761,0.14878345,0.007974749,0.07802181,0.0079748025,0.007998175,0.7412732,2021-05-08
0.007977554,0.007993341,0.007964441,0.39370134,0.33957928,0.0079874545,0.23479651,2021-05-09
0.06697617,0.006853469,0.0068330737,0.05274906,0.0068341605,0.006854505,0.8528996,2021-05-10
0.023826277,0.2602194,0.023835419,0.023888856,0.023835912,0.023895783,0.62049836,2021-05-11
0.008493991,0.008494888,0.008476909,0.42477772,0.008505505,0.32356974,0.21768129,2021-05-12
0.05681623,0.007181197,0.0071569895,0.157902,0.0071588964,0.0071821148,0.7566025,2021-05-13
0.006514212,0.006521727,0.0065064467,0.006513848,0.006513324,0.29295737,0.6744731,2021-05-14
0.0075427974,0.0075671584,0.007536726,0.07479448,0.0075378343,0.007586695,0.8874343,2021-05-15
0.11852461,0.008531937,0.067708224,0.008520245,0.008510886,0.00854415,0.7796599,2021-05-16
0.03637687,0.036430035,0.036376875,0.5270607,0.036376875,0.2908282,0.036550432,2021-05-17
0.1592188,0.008552208,0.00853268,0.29858372,0.00853268,0.24490249,0.2716774,2021-05-18
0.09614543,0.009570066,0.009553584,0.08877154,0.360356,0.009562471,0.4260409,2021-05-19
0.03637694,0.03643012,0.036376942,0.5270589,0.036376942,0.29082718,0.036552977,2021-05-20
0.014329482,0.01436091,0.014315103,0.116181135,0.014303466,0.014374686,0.8121352,2021-05-21
0.020432113,0.020416593,0.020413695,0.020438842,0.020415975,0.020464364,0.8774184,2021-05-22
0.08745473,0.48821527,0.005975234,0.05673417,0.0059754224,0.0059961113,0.34964904,2021-05-23
0.19957799,0.015950814,0.015935656,0.35435712,0.015934696,0.3821635,0.016080206,2021-05-24
0.013225188,0.013105865,0.012998213,0.2929131,0.103588775,0.013102638,0.5510662,2021-05-25
0.044996522,0.006053551,0.0060477327,0.0908073,0.0060522216,0.63528514,0.21075752,2021-05-26
0.013017295,0.013048509,0.0130074695,0.29030356,0.013009016,0.013021862,0.6445922,2021-05-27
0.077476114,0.0075930734,0.0075592673,0.073528856,0.28972608,0.5365334,0.0075831753,2021-05-28
0.023860015,0.023860011,0.023860017,0.02392656,0.023860015,0.32842088,0.5522125,2021-05-29
0.35690495,0.023847137,0.023816515,0.023964064,0.023816515,0.023853375,0.52379745,2021-05-30
0.088261634,0.011046292,0.011015939,0.011030491,0.011022055,0.11434889,0.75327474,2021-05-31
0.13563858,0.0055274074,0.0055196,0.0055216136,0.0055281157,0.005542037,0.8367227,2021-06-01
0.007553762,0.007581747,0.0075542415,0.0075632264,0.0075550107,0.28398696,0.6782051,2021-06-02
0.0068170475,0.09306,0.006813202,0.10947556,0.0068213833,0.006848492,0.77016425,2021-06-03
0.008429898,0.008422725,0.008408912,0.008417105,0.0084113395,0.008425231,0.94948477,2021-06-04
0.022909818,0.02291916,0.022909842,0.682911,0.022949686,0.02290975,0.20249078,2021-06-05
0.009586116,0.009565408,0.009563035,0.11893042,0.009564732,0.24248594,0.60030437,2021-06-06
0.0075286957,0.0075343135,0.0075263986,0.8841003,0.00752622,0.007538358,0.07824574,2021-06-07
0.36302614,0.008427298,0.008427247,0.008453068,0.0084303925,0.40516955,0.19806628,2021-06-08
0.007536317,0.14742362,0.0075263013,0.007545303,0.007546015,0.51767844,0.304744,2021-06-09
0.082118385,0.0068288487,0.006822753,0.05541408,0.048844226,0.5376623,0.26230934,2021-06-10
0.49287617,0.013004452,0.013002805,0.10401869,0.013022747,0.013018594,0.35105658,2021-06-11
0.006499853,0.006529027,0.0065004393,0.0064995764,0.0064990115,0.006515403,0.96095675,2021-06-12
0.24190211,0.084624894,0.007559266,0.16719286,0.007565209,0.007591042,0.4835646,2021-06-13
0.008409194,0.008411171,0.008407007,0.16275565,0.008406561,0.008428894,0.79518145,2021-06-14
0.07604806,0.14218484,0.008413305,0.008428796,0.008422186,0.008445193,0.74805766,2021-06-15
0.15790041,0.010306298,0.010296566,0.25502235,0.010296566,0.18240708,0.37377074,2021-06-16
0.013026167,0.0130289765,0.013026167,0.37684318,0.10628973,0.10363219,0.37415358,2021-06-17
0.011093694,0.011074372,0.01107039,0.09281429,0.08635772,0.011090118,0.7764994,2021-06-18
0.15745828,0.009544548,0.009544747,0.4407399,0.009540683,0.12032266,0.2528492,2021-06-19
0.015898589,0.015902916,0.015899088,0.26056683,0.015902672,0.6598636,0.01596636,2021-06-20
0.18059884,0.0055081034,0.005503256,0.49535897,0.005504703,0.22128262,0.08624353,2021-06-21
0.081209086,0.0071881954,0.007184934,0.07103961,0.007182628,0.0072008115,0.8189947,2021-06-22
0.10581054,0.14344168,0.21974832,0.006004741,0.21820018,0.1947563,0.11203823,2021-06-23
0.24117842,0.42525443,0.0072046015,0.007202343,0.0072292024,0.30470818,0.0072228243,2021-06-24
0.007959178,0.007974665,0.007959178,0.33494666,0.007959178,0.12331605,0.5098851,2021-06-25
0.007980328,0.007980318,0.952114,0.007980328,0.007980331,0.007984432,0.007980318,2021-06-26
0.0080323545,0.4127551,0.008022415,0.008044601,0.45588404,0.008041757,0.09921969,2021-06-27
0.014290545,0.014313833,0.014290545,0.014302011,0.014290545,0.014329924,0.91418254,2021-06-28
0.058610015,0.1786748,0.056204323,0.0072491467,0.0072045675,0.16796422,0.52409285,2021-06-29
0.011140265,0.107087985,0.011133631,0.011186369,0.011137152,0.55585235,0.29246223,2021-06-30
0.008442794,0.008481875,0.008434701,0.22048561,0.00842986,0.008449386,0.7372758,2021-07-01
0.013005577,0.013018695,0.012997077,0.39848343,0.012998541,0.013057049,0.5364396,2021-07-02
0.006233758,0.0062473877,0.0062274616,0.13533925,0.0062276744,0.83346057,0.0062638493,2021-07-03
0.08259149,0.010236519,0.01023493,0.010244187,0.0102430405,0.18459006,0.6918598,2021-07-04
0.21391031,0.7412476,0.0089662,0.00896015,0.0089675635,0.008967292,0.008980889,2021-07-05
0.0071726684,0.0071611423,0.0071546114,0.53957,0.007163718,0.18624207,0.24553585,2021-07-06
0.006239325,0.0062631876,0.006240603,0.0062446045,0.006240147,0.0062559517,0.96251625,2021-07-07
0.26814097,0.10998882,0.0102337375,0.010224861,0.010225544,0.58091146,0.010274624,2021-07-08
0.011910093,0.011945943,0.011910093,0.30538037,0.011911743,0.0119689545,0.6349728,2021-07-09
0.044318087,0.005994668,0.005986535,0.051120453,0.005989708,0.21273313,0.6738574,2021-07-10
0.01186379,0.011905539,0.011869002,0.14982495,0.011875814,0.011903587,0.7907573,2021-07-11
0.011918812,0.01194665,0.011920369,0.39227375,0.011920619,0.011977425,0.54804236,2021-07-12
0.14792423,0.011044673,0.0110066915,0.12891965,0.011014878,0.011038432,0.67905146,2021-07-13
0.028576816,0.028603278,0.028576816,0.44449458,0.028576816,0.41249606,0.02867565,2021-07-14
0.006231473,0.0062503438,0.0062319064,0.006231415,0.006231497,0.006246012,0.96257734,2021-07-15
0.33358416,0.0053210626,0.005304225,0.005318583,0.0053048823,0.005315296,0.6398518,2021-07-16
0.005757931,0.0057681766,0.005752064,0.046949517,0.044988684,0.12620284,0.7645808,2021-07-17
0.274506,0.005351516,0.0053471895,0.05162723,0.0053471895,0.005366605,0.65245426,2021-07-18
0.10225899,0.0068269423,0.0068210983,0.059541974,0.006822111,0.0068354565,0.81089336,2021-07-19
0.113702565,0.014353713,0.014334673,0.014350335,0.01433492,0.014381249,0.8145426,2021-07-20
0.1632417,0.0069144303,0.006910267,0.006918006,0.5345349,0.13617153,0.14530917,2021-07-21
0.0062287017,0.0062351986,0.006219626,0.006221944,0.0062234504,0.006243265,0.9626278,2021-07-22
0.1500229,0.017961659,0.017874137,0.017885089,0.017866576,0.017915001,0.7604747,2021-07-23
0.10193067,0.011973847,0.011918808,0.011986073,0.01191985,0.57770705,0.27256367,2021-07-24
0.08631873,0.19659708,0.008454741,0.008461176,0.082872495,0.43022323,0.18707253,2021-07-25
0.02048582,0.33676898,0.020495584,0.020485822,0.020487748,0.5606056,0.02067043,2021-07-26
0.0068729804,0.12306937,0.006871402,0.0068784766,0.2795033,0.5699048,0.006899668,2021-07-27
0.0059661446,0.0059671896,0.00596398,0.061392277,0.005965212,0.0059912843,0.9087539,2021-07-28
0.009703595,0.009722416,0.00969563,0.087190606,0.009697764,0.009701116,0.86428887,2021-07-29
0.017953726,0.017953724,0.14342995,0.017991418,0.017953726,0.23350342,0.5512141,2021-07-30
0.007161412,0.0071621165,0.0071544964,0.007169976,0.20891754,0.52458316,0.23785132,2021-07-31
0.07910431,0.0060041226,0.005996326,0.04314161,0.006004131,0.3326843,0.52706516,2021-08-01
0.21809953,0.0072064106,0.007167377,0.007207384,0.0071592494,0.31785554,0.43530452,2021-08-02
0.15779182,0.015983738,0.015914537,0.25023454,0.01589855,0.015934044,0.52824277,2021-08-03
0.011915942,0.0119136395,0.011913034,0.30058813,0.011920655,0.011992821,0.6397558,2021-08-04
0.014330376,0.014387805,0.14923805,0.014330376,0.33823416,0.45506847,0.014410808,2021-08-05
0.02390159,0.023857478,0.023845019,0.19538526,0.023926135,0.6850996,0.023984909,2021-08-06
0.06424156,0.0068238867,0.0068126037,0.2542466,0.0068126037,0.006834391,0.6542284,2021-08-07
0.01193895,0.011940014,0.8457749,0.01193895,0.011948404,0.011994534,0.094464205,2021-08-08
0.010285718,0.0103575755,0.010285719,0.07723907,0.010287983,0.49619657,0.38534737,2021-08-09
0.057064716,0.0065086964,0.00650292,0.055947762,0.0065029217,0.0065141628,0.8609589,2021-08-10
0.011912331,0.011985058,0.011912331,0.011914696,0.011916523,0.20924361,0.73111546,2021-08-11
0.014294409,0.014350514,0.014294409,0.014311486,0.01430499,0.014358079,0.91408616,2021-08-12
0.0065090987,0.0065152287,0.0065074847,0.0065413015,0.0065117427,0.66823965,0.2991755,2021-08-13
0.020415004,0.02049693,0.020415004,0.30621392,0.020567145,0.58856297,0.023329062,2021-08-14
0.012025415,0.011920509,0.011919103,0.011919102,0.0119557455,0.14567138,0.79458874,2021-08-15
0.099968545,0.011038827,0.011036714,0.011047027,0.2388905,0.011077753,0.6169406,2021-08-16
0.01192318,0.012003748,0.011928462,0.09566804,0.0119257495,0.011950064,0.84460074,2021-08-17
0.079583794,0.008498953,0.19123426,0.12263634,0.008480521,0.3296892,0.25987694,2021-08-18
0.005144101,0.28168276,0.0051251454,0.005129657,0.13052207,0.005137416,0.56725883,2021-08-19
0.020451859,0.020420328,0.020425398,0.020554781,0.020420328,0.14894724,0.7487801,2021-08-20
0.02857276,0.02857276,0.02857276,0.028628116,0.02857276,0.028636701,0.8284441,2021-08-21
0.12350096,0.005355892,0.005356353,0.005370562,0.0053560566,0.36962515,0.485435,2021-08-22
0.32631278,0.0068262303,0.0068187686,0.0068269027,0.0068187686,0.16215096,0.48424557,2021-08-23
0.01193657,0.012002596,0.011931178,0.01196513,0.011922093,0.48204347,0.458199,2021-08-24
0.028734624,0.028617905,0.02861791,0.31535065,0.02861791,0.02871184,0.5413491,2021-08-25
0.014324817,0.30100352,0.014317383,0.014311582,0.47436532,0.014318503,0.16735889,2021-08-26
0.036571402,0.0788658,0.006836128,0.18251939,0.0068373927,0.5587326,0.12963723,2021-08-27
0.10204611,0.006845186,0.0068257386,0.0068363957,0.0068284213,0.006844283,0.8637738,2021-08-28
0.007193825,0.0072026607,0.007185915,0.26606363,0.05588737,0.3483235,0.3081431,2021-08-29
0.00652006,0.43092224,0.0065062447,0.0065228203,0.0065056304,0.006547751,0.5364753,2021-08-30
0.01194608,0.5489242,0.0119255725,0.011923759,0.011924763,0.39139923,0.011956389,2021-08-31
0.009622339,0.009567105,0.009545308,0.4966836,0.009545424,0.009571909,0.45546433,2021-09-01
0.015896194,0.015896192,0.015896194,0.14511171,0.7753521,0.015896192,0.015951402,2021-09-02
0.113702536,0.014353707,0.01433467,0.01435033,0.014334915,0.014379272,0.8145446,2021-09-03
0.13411197,0.6553124,0.011020023,0.011069185,0.011018728,0.011039849,0.1664278,2021-09-04
0.37375617,0.006534411,0.0065198597,0.006522374,0.052772194,0.11291783,0.44097716,2021-09-05
0.4682114,0.0059781945,0.0059675043,0.005973695,0.005965089,0.0059702094,0.50193393,2021-09-06
0.010239612,0.01023992,0.010213074,0.30193895,0.010215884,0.18793859,0.46921396,2021-09-07
0.24138711,0.0060459306,0.006033795,0.08723666,0.051697597,0.0850078,0.5225911,2021-09-08
0.008007333,0.14008601,0.007964775,0.07076411,0.37957057,0.008020172,0.385587,2021-09-09
0.0053060986,0.005303975,0.005300826,0.0053026592,0.005303346,0.0053207353,0.96816236,2021-09-10
0.008351704,0.008360858,0.008349982,0.28547627,0.008349981,0.008367706,0.6727435,2021-09-11
0.05301906,0.006537221,0.006532492,0.0065365913,0.006532492,0.36035988,0.5604823,2021-09-12
0.006833919,0.10089599,0.006824033,0.38960332,0.006824033,0.006834288,0.48218444,2021-09-13
0.11163448,0.006297421,0.006278587,0.0062817894,0.0062772217,0.006304694,0.8569258,2021-09-14
0.59442616,0.008487786,0.0084428415,0.0084428415,0.008445942,0.008484242,0.36327016,2021-09-15
0.008414497,0.008414497,0.008414497,0.9495115,0.008414497,0.008414497,0.008416036,2021-09-16
0.007972366,0.007978347,0.007956186,0.26127407,0.0642432,0.007981162,0.64259464,2021-09-17
0.08356577,0.0071833516,0.0071619065,0.5296204,0.0071635135,0.0072046556,0.35810038,2021-09-18
0.007948999,0.007945794,0.007941632,0.7034515,0.007952387,0.007970687,0.25678903,2021-09-19
0.020445272,0.02044527,0.87713253,0.020445272,0.020641135,0.02044527,0.02044527,2021-09-20
0.17993978,0.0065229335,0.0065080314,0.0065141125,0.0065072495,0.006521737,0.7874862,2021-09-21
0.05600647,0.0062561436,0.0062397965,0.1371542,0.1391959,0.37927452,0.27587295,2021-09-22
0.024008304,0.02399067,0.023970783,0.023970783,0.024009384,0.85607934,0.023970779,2021-09-23
0.0963712,0.0057413247,0.005732124,0.45594388,0.0057338625,0.005747603,0.42473003,2021-09-24
0.28907093,0.0068412432,0.0068181516,0.0068187127,0.05559882,0.20908205,0.42577007,2021-09-25
0.05874097,0.007588361,0.0075719724,0.21105756,0.007572042,0.08134963,0.62611943,2021-09-26
0.11437546,0.007541633,0.0075407927,0.0075469976,0.007540079,0.0075581665,0.8478969,2021-09-27
0.0075306674,0.007548513,0.007527272,0.06311883,0.007528274,0.007545388,0.8992011,2021-09-28
0.007980487,0.007994274,0.007978605,0.007982153,0.06332049,0.008020296,0.89672375,2021-09-29
0.0062631103,0.40716255,0.0062206266,0.0062301215,0.006226698,0.24962568,0.31827125,2021-09-30
0.0059732506,0.0059758304,0.005965689,0.068054266,0.0059660883,0.07839094,0.8296739,2021-10-01
0.3903826,0.007175118,0.0071545537,0.007160814,0.0071568186,0.11263746,0.46833265,2021-10-02
0.007185566,0.3599959,0.007194613,0.0071889963,0.0071984977,0.070595406,0.540641,2021-10-03
0.0072114714,0.3379394,0.007202144,0.1486187,0.0072050802,0.07967646,0.41214672,2021-10-04
0.020467564,0.020467564,0.020467564,0.020492917,0.020467564,0.020488089,0.8771487,2021-10-05
0.0068380972,0.006894766,0.0068263533,0.5536422,0.00682805,0.41210935,0.0068611843,2021-10-06
0.15780081,0.015983744,0.015914535,0.25021988,0.015898548,0.015934044,0.5282484,2021-10-07
0.566672,0.006528478,0.006505506,0.006505506,0.00650622,0.40077037,0.006511904,2021-10-08
0.11390472,0.6699734,0.013005684,0.013044986,0.0130060855,0.01302304,0.16404207,2021-10-09
0.005733824,0.005749481,0.0057220957,0.3971128,0.0057395212,0.284988,0.29495433,2021-10-10
0.0065166224,0.006516484,0.0065077194,0.1625717,0.05193184,0.33899504,0.4269606,2021-10-11
0.13550326,0.22366428,0.015940769,0.015940769,0.57703453,0.015961604,0.015954772,2021-10-12
0.0059903166,0.005985034,0.0059653968,0.1769564,0.005965872,0.16619033,0.63294667,2021-10-13
0.0072549065,0.007255678,0.0072528007,0.05297031,0.0072535053,0.0072763413,0.91073644,2021-10-14
0.0062461235,0.0062338286,0.006226252,0.006235278,0.006233229,0.96258605,0.006239244,2021-10-15
0.34989852,0.013115597,0.013040764,0.4134293,0.013041184,0.013063053,0.18441157,2021-10-16
0.20931473,0.008133571,0.21875231,0.008128209,0.08638014,0.3683131,0.100977905,2021-10-17
0.006524846,0.006515312,0.0065100784,0.3955117,0.0065265875,0.11271341,0.46569806,2021-10-18
0.014340295,0.15920903,0.76911914,0.014331126,0.0143306395,0.014331487,0.014338302,2021-10-19
0.07889914,0.0065450757,0.006530773,0.2959113,0.0065303924,0.18330541,0.4222779,2021-10-20
0.007166292,0.007163996,0.0071538533,0.34819758,0.007153708,0.090035774,0.5331288,2021-10-21
0.18604666,0.051771306,0.005975709,0.0059805876,0.005975883,0.22995019,0.5142997,2021-10-22
0.158408,0.020998273,0.020886362,0.31324857,0.020886362,0.02092823,0.44464418,2021-10-23
0.014341779,0.014329212,0.014308234,0.014331195,0.014308234,0.44374445,0.48463687,2021-10-24
0.0064971857,0.0065104966,0.0064996877,0.9609895,0.0064997473,0.006500688,0.0065027815,2021-10-25
0.006645769,0.0066403616,0.12746888,0.21107323,0.006625133,0.095310785,0.5462358,2021-10-26
0.006821043,0.006834085,0.0068197073,0.111514635,0.0068205693,0.0068398537,0.85435015,2021-10-27
0.004338622,0.004336405,0.0043342593,0.9739723,0.00434202,0.004340708,0.0043356866,2021-10-28
0.009539916,0.2646763,0.009541225,0.31376943,0.0095434105,0.009591672,0.38333806,2021-10-29
0.020438993,0.72063404,0.02042128,0.02041908,0.020415109,0.17714114,0.020530306,2021-10-30
0.0075456207,0.75590193,0.0075328597,0.00754413,0.0075325253,0.2063692,0.0075737434,2021-10-31
0.0714288,0.0714288,0.0714288,0.57111776,0.0714288,0.0714288,0.07173831,2021-11-01
0.009708939,0.009709639,0.009705566,0.13855779,0.009706749,0.009747491,0.8128638,2021-11-02
0.017906263,0.017928919,0.017900914,0.017932687,0.017900914,0.326882,0.5835483,2021-11-03
0.014343755,0.014343753,0.014343755,0.18662035,0.014343755,0.014343753,0.7416609,2021-11-04
0.0079584,0.0079991175,0.0079584,0.28872868,0.007959096,0.23712112,0.44227517,2021-11-05
0.0062198536,0.0062306663,0.0062165176,0.006218999,0.006221976,0.14378251,0.8251094,2021-11-06
0.007550268,0.0075498894,0.007545015,0.007559134,0.0075465343,0.5896773,0.37257186,2021-11-07
0.023968698,0.023986775,0.023968698,0.024042863,0.02399076,0.40901646,0.4710258,2021-11-08
0.017935582,0.2348856,0.017935582,0.40143389,0.01798679,0.29178667,0.01803591,2021-11-09
0.2838695,0.42391178,0.023826344,0.023887165,0.19669947,0.02391748,0.02388822,2021-11-10
0.01593292,0.01593292,0.015932921,0.48977503,0.015935108,0.015947843,0.43054324,2021-11-11
0.006835786,0.34665295,0.0068348357,0.0068381852,0.49702108,0.12896004,0.0068570804,2021-11-12
0.11698112,0.0144454995,0.014345746,0.014377031,0.01432207,0.5161868,0.3093418,2021-11-13
0.007174502,0.0071664937,0.0071576284,0.25700447,0.0071962597,0.15834802,0.55595255,2021-11-14
0.014342289,0.5114638,0.014328819,0.014341563,0.014357595,0.4168351,0.014330865,2021-11-15
0.42239225,0.006851789,0.006810382,0.0068132607,0.0068133012,0.006838194,0.5434808,2021-11-16
0.007544511,0.9547284,0.0075333742,0.0075334236,0.0075368495,0.0075514903,0.0075719277,2021-11-17
0.3032834,0.13244273,0.0119211,0.0119211,0.011923669,0.2096491,0.31885886,2021-11-18
0.01303032,0.1126108,0.013012615,0.22382137,0.013012615,0.013113538,0.61139876,2021-11-19
0.00801968,0.0080398815,0.00801783,0.008017702,0.0080189025,0.10332361,0.8565624,2021-11-20
0.006526036,0.0065387636,0.006528682,0.30280107,0.0065285997,0.07606804,0.5950088,2021-11-21
0.11583884,0.0062430627,0.006231788,0.0062459046,0.13371514,0.50351435,0.22821097,2021-11-22
0.0052952515,0.0052952515,0.0052953376,0.968219,0.005295376,0.005297314,0.005302488,2021-11-23
0.027616506,0.027656795,0.027616544,0.6409201,0.027616534,0.22084625,0.027727274,2021-11-24
0.28297424,0.12175649,0.011923321,0.38547835,0.011920442,0.011965095,0.17398211,2021-11-25
0.18216246,0.010258289,0.01024764,0.48740008,0.01024764,0.115043856,0.18464,2021-11-26
0.13436031,0.06918151,0.69964194,0.06983714,0.008993044,0.008993042,0.008993042,2021-11-27
0.005750654,0.005757937,0.005742393,0.005745759,0.17435475,0.5477802,0.25486827,2021-11-28
0.16532892,0.0075583775,0.0075327135,0.0075445613,0.00755647,0.08365811,0.7208209,2021-11-29
0.009568274,0.0095873345,0.009568993,0.11005809,0.0095691895,0.009591981,0.84205616,2021-11-30
0.0047702217,0.0047697816,0.0047721253,0.9713768,0.0047703474,0.0047697816,0.0047709728,2021-12-01
0.010316748,0.01032269,0.010317298,0.27918836,0.010319151,0.0103506325,0.6691851,2021-12-02
0.035726752,0.035721224,0.035721224,0.28560296,0.035721224,0.535566,0.035940606,2021-12-03
0.009582668,0.24312478,0.009566668,0.16861738,0.009557106,0.41253045,0.14702095,2021-12-04
0.21391092,0.74124694,0.0089662,0.00896015,0.0089675635,0.008967292,0.008980929,2021-12-05
0.0065858173,0.26105276,0.14187476,0.074867316,0.006602627,0.0066500353,0.50236666,2021-12-06
0.21322115,0.109850384,0.009792769,0.14688571,0.009795458,0.17746799,0.33298653,2021-12-07
0.13682708,0.0073355422,0.0071767285,0.070155226,0.0071778647,0.0071779694,0.76414955,2021-12-08
0.010251364,0.010236419,0.010233993,0.010245646,0.0938984,0.35169947,0.51343465,2021-12-09
0.010206052,0.010235834,0.010206911,0.1731569,0.010217817,0.36707735,0.41889918,2021-12-10
0.011061161,0.53412634,0.011058853,0.011051673,0.10740996,0.13821298,0.18707909,2021-12-11
0.008051291,0.008001832,0.007983534,0.45683774,0.007986473,0.008011024,0.5031282,2021-12-12
0.024046024,0.024046019,0.024046026,0.024115883,0.024046026,0.38893402,0.490766,2021-12-13
0.0071486128,0.007183846,0.007149188,0.007166094,0.0071494426,0.48299432,0.48120856,2021-12-14
0.16700602,0.006532672,0.0065223346,0.22941427,0.0065209744,0.11313247,0.47087124,2021-12-15
0.010252288,0.010243656,0.010241001,0.010255306,0.010241293,0.4546984,0.49406806,2021-12-16
0.0065403637,0.0065410654,0.006529369,0.006541595,0.0065260404,0.590214,0.3771076,2021-12-17
0.008971419,0.008975584,0.0089588985,0.20215105,0.008958898,0.3140649,0.44791925,2021-12-18
0.011186928,0.011162854,0.011153702,0.01116625,0.01115331,0.43428534,0.50989157,2021-12-19
0.028577182,0.44118327,0.028577182,0.02870414,0.028577182,0.028635079,0.41574597,2021-12-20
0.19340621,0.15047634,0.0063094306,0.06761365,0.006310695,0.006342635,0.56954104,2021-12-21
0.32461601,0.006244614,0.006221268,0.10157056,0.0062247734,0.0062578395,0.54886496,2021-12-22
0.21671025,0.0062399157,0.0062247734,0.0062464294,0.006224848,0.071403325,0.68695045,2021-12-23
0.013031054,0.013016727,0.10808971,0.24107964,0.013020351,0.27517256,0.33659,2021-12-24
0.42656913,0.028678868,0.02867887,0.028803939,0.02867887,0.028678868,0.4299114,2021-12-25
0.009588614,0.18434599,0.009587332,0.24761888,0.07260487,0.12773483,0.3485195,2021-12-26
0.5544898,0.18640892,0.010308794,0.21779011,0.010304248,0.0103264935,0.010371639,2021-12-27
0.13620952,0.11746789,0.0065251975,0.21946189,0.006526557,0.058313455,0.45549548,2021-12-28
0.011976276,0.32619235,0.0119762765,0.1430113,0.011980924,0.20694503,0.28791785,2021-12-29
0.013004043,0.0130317975,0.013000852,0.23771302,0.013001053,0.013037004,0.6972123,2021-12-30
0.29199558,0.010254977,0.010214779,0.10437462,0.010217374,0.010284793,0.5626579,2021-12-31
0.014289603,0.014348525,0.014289603,0.014293482,0.014292903,0.26145744,0.6670284,2022-01-01
0.008467218,0.0084696645,0.008467218,0.247821,0.008467218,0.5141722,0.20413552,2022-01-02
0.13391688,0.006547513,0.006514215,0.055758193,0.0065127863,0.00652197,0.7842284,2022-01-03
0.093103796,0.51655155,0.010284843,0.08670726,0.010271894,0.010291238,0.27278945,2022-01-04
0.0059710913,0.0059692846,0.0059606293,0.35541335,0.005962652,0.3030121,0.31771088,2022-01-05
0.010215355,0.010254647,0.010224018,0.010234703,0.010216856,0.4477611,0.5010934,2022-01-06
0.008432115,0.008434291,0.8330401,0.067076735,0.06615257,0.008432115,0.008432115,2022-01-07
0.07423386,0.14745316,0.007557086,0.08287119,0.0075564543,0.24285379,0.43747446,2022-01-08
0.006563529,0.00656032,0.0065581896,0.006572639,0.006559571,0.7640628,0.20312296,2022-01-09
0.29081345,0.008483597,0.008464572,0.008465304,0.5821489,0.09314006,0.008484114,2022-01-10
0.13424306,0.12952904,0.007991158,0.008009729,0.60019183,0.008029723,0.11200542,2022-01-11
0.12986368,0.015942909,0.015907617,0.1255846,0.01590942,0.6808513,0.015940478,2022-01-12
0.020425826,0.02044332,0.020425826,0.020451004,0.02042649,0.020467788,0.87735975,2022-01-13
0.27152702,0.095269375,0.0065051713,0.1532463,0.0065059764,0.06422918,0.402717,2022-01-14
0.0084392615,0.008449704,0.008441285,0.008432819,0.008435415,0.94935477,0.008446702,2022-01-15
0.3276206,0.008015684,0.007978757,0.007978877,0.007979158,0.20129497,0.439132,2022-01-16
0.0068627074,0.06369894,0.006863771,0.05473441,0.3604155,0.30979344,0.19763128,2022-01-17
0.0075535346,0.0075554713,0.007552451,0.18229061,0.0075565535,0.0075688683,0.7799225,2022-01-18
0.017867597,0.017865002,0.017859926,0.017881678,0.017880889,0.017934112,0.8927108,2022-01-19
0.11078634,0.011104858,0.011032816,0.108475976,0.011032988,0.23771454,0.5098525,2022-01-20
0.007996963,0.0080040125,0.007986933,0.42528173,0.007986933,0.007999248,0.53474414,2022-01-21
0.2564037,0.0071754633,0.007156166,0.21385191,0.007156166,0.0071839956,0.5010725,2022-01-22
0.28276002,0.4250387,0.013010588,0.013017307,0.013011569,0.24010503,0.013056804,2022-01-23
0.008673358,0.008611678,0.008605059,0.05444336,0.008609441,0.2758837,0.6351734,2022-01-24
0.047655974,0.047655974,0.047655974,0.38066182,0.047655974,0.38074845,0.047965806,2022-01-25
0.14285715,0.14285715,0.14285715,0.14285715,0.14285715,0.14285715,0.14285715,2022-01-26
0.36170632,0.007584561,0.0075427387,0.0075397836,0.0075412216,0.0075739836,0.6005114,2022-01-27
0.13869448,0.510504,0.014566108,0.014566107,0.014566991,0.292476,0.0146262515,2022-01-28
0.00683348,0.07451332,0.006820013,0.22413914,0.0068201325,0.15695691,0.52391696,2022-01-29
0.24516484,0.23498505,0.007535735,0.0075417343,0.2709474,0.0075764274,0.22624877,2022-01-30
0.19262373,0.008481191,0.008457154,0.00843574,0.008440655,0.7651205,0.0084410375,2022-01-31
0.008971324,0.008983257,0.008974069,0.00899116,0.00897488,0.36856732,0.586538,2022-02-01
0.14980143,0.18409069,0.008428414,0.5425262,0.0084284935,0.008466084,0.09825866,2022-02-02
0.008945465,0.17973177,0.008936239,0.008936239,0.008936802,0.23568644,0.54882705,2022-02-03
0.0065117246,0.17839713,0.006501681,0.28835422,0.006504919,0.0065430882,0.5071872,2022-02-04
0.014359492,0.014486505,0.014359492,0.40888184,0.014359493,0.1349141,0.39863914,2022-02-05
0.010286933,0.010247449,0.010249793,0.010258903,0.010246271,0.4904476,0.45826304,2022-02-06
0.0075723054,0.6979716,0.0075305155,0.007534877,0.007533458,0.26427144,0.007585797,2022-02-07
0.19466938,0.013112089,0.013006751,0.38455385,0.013009082,0.3686072,0.013041609,2022-02-08
0.15350786,0.4730324,0.0062172934,0.006217359,0.0062174844,0.19731034,0.15749723,2022-02-09
0.007963697,0.007952609,0.0079439,0.34319916,0.0079439,0.2007201,0.42427665,2022-02-10
0.035722226,0.035878137,0.035722226,0.035816785,0.035722226,0.035746213,0.7853922,2022-02-11
0.0075275167,0.0075569777,0.0075257826,0.06783677,0.0075267293,0.00754554,0.8944807,2022-02-12
0.012066937,0.01207186,0.7711767,0.012066937,0.012066939,0.012066933,0.16848369,2022-02-13
0.014322542,0.014365924,0.01430883,0.014326988,0.014312269,0.014348174,0.91401523,2022-02-14
0.0071533145,0.0071640434,0.007151861,0.4452507,0.007152871,0.007194269,0.51893294,2022-02-15
0.007959672,0.007991671,0.007957594,0.515692,0.007970469,0.008045037,0.4443836,2022-02-16
0.008456859,0.5391331,0.008449401,0.20908204,0.008452752,0.21792881,0.008497116,2022-02-17
0.115156144,0.013141601,0.013098221,0.0131078465,0.3002458,0.013121412,0.532129,2022-02-18
0.0075601167,0.0075524333,0.0075376756,0.18507329,0.0075399936,0.0075416784,0.7771948,2022-02-19
0.006543588,0.006559306,0.006515237,0.006515385,0.2714751,0.34443277,0.35795856,2022-02-20
