date,sp_close_pr,dj_close_pr,new_cases,new_deaths,people_vaccinated_per_hundred,funds_er,walcl,lr_treasury_r,headline_nsr,abstract_nsr,lead_parag_nsr,body_nsr,tweet_nsr,gold_pr,usd_eur
2020-05-01,2830.71,28539.1,34892.0,1909.0,0.0,0.05,6655929.0,-0.12,0.1333333333333333,0.3666666666666667,0.1333333333333333,0.9333333333333332,0.2263513513513513,1694.5,0.9107
2020-05-04,2842.74,28670.31,23802.0,1358.0,0.0,0.05,6655929.0,-0.12,0.0,0.409090909090909,0.5454545454545454,1.0,0.2067796610169491,1713.3,0.9171
2020-05-05,2868.44,28937.6,24019.0,2221.0,0.0,0.05,6655929.0,-0.13,0.1904761904761904,0.1904761904761904,0.6190476190476191,1.0,0.2696335078534031,1710.6,0.9227
2020-05-06,2848.42,28752.34,24482.0,2319.0,0.0,0.05,6721420.0,-0.05,0.08,0.28,0.36,0.88,0.1111111111111111,1688.5,0.9264
2020-05-07,2881.19,29121.73,27739.0,1916.0,0.0,0.05,6721420.0,-0.12,0.1034482758620689,0.1034482758620689,0.3448275862068964,1.0,0.2041522491349481,1725.8,0.9231
2020-05-08,2929.8,29670.79,27183.0,1772.0,0.0,0.05,6721420.0,-0.09,-0.1764705882352941,0.1764705882352941,0.3529411764705882,0.8823529411764706,0.1774744027303754,1709.9,0.9227
2020-05-11,2930.19,29663.42,19077.0,1034.0,0.0,0.05,6721420.0,-0.06,0.0,0.0909090909090908,0.2727272727272727,0.9090909090909092,0.103448275862069,1698.0,0.9252
2020-05-12,2870.12,29011.98,23382.0,1589.0,0.0,0.05,6721420.0,-0.06,0.0833333333333333,-0.0833333333333333,0.2916666666666666,0.9166666666666669,0.0939086294416243,1706.8,0.9217
2020-05-13,2820.0,28441.92,20015.0,1734.0,0.0,0.05,6934227.0,-0.09,0.1,0.3,0.15,1.0,0.1215277777777777,1716.4,0.9244
2020-05-14,2852.5,28760.56,25890.0,1781.0,0.0,0.05,6934227.0,-0.11,0.12,0.32,0.64,0.8,0.2909090909090909,1740.9,0.9254
2020-05-15,2863.7,28903.31,24851.0,1665.0,0.0,0.05,6934227.0,-0.12,0.064516129032258,0.2580645161290322,0.4516129032258065,0.935483870967742,0.179419525065963,1753.4,0.9243
2020-05-18,2953.91,29889.29,22308.0,1219.0,0.0,0.05,6934227.0,-0.08,0.16,0.1999999999999999,0.52,0.8400000000000001,0.2233766233766233,1734.4,0.9162
2020-05-19,2922.94,29570.86,20502.0,1445.0,0.0,0.05,6934227.0,-0.08,0.15,0.1999999999999999,0.05,1.0,0.1176470588235293,1745.6,0.9155
2020-05-20,2971.61,30094.41,22826.0,1501.0,0.0,0.05,7037258.0,-0.12,0.0769230769230769,0.4615384615384614,0.5,0.8461538461538461,0.2061855670103092,1750.6,0.9109
2020-05-21,2948.51,29896.76,25152.0,1190.0,0.0,0.05,7037258.0,-0.1,0.1304347826086956,0.0434782608695652,0.4347826086956521,0.782608695652174,0.1718213058419244,1721.9,0.9131
2020-05-22,2955.45,29985.34,23828.0,1204.0,0.0,0.05,7037258.0,-0.1,0.3043478260869565,0.2608695652173913,0.2608695652173912,0.9130434782608696,0.1517241379310345,1734.6,0.9173
2020-05-26,2991.77,30404.2,18726.0,656.0,0.0,0.05,7037258.0,-0.05,-0.0399999999999999,0.24,0.28,0.84,0.193103448275862,1728.2,0.9105
2020-05-27,3036.13,30888.0,18763.0,1478.0,0.0,0.05,7097316.0,-0.06,0.2105263157894736,0.4736842105263158,0.5263157894736843,0.894736842105263,0.1894736842105263,1726.8,0.9083
2020-05-28,3029.73,30768.79,21267.0,1089.0,0.0,0.05,7097316.0,-0.08,0.0,0.2916666666666666,0.4583333333333333,0.75,0.1510791366906475,1728.3,0.9027
2020-05-29,3044.31,30910.1,25082.0,1117.0,0.0,0.05,7097316.0,-0.1,0.2666666666666666,0.4333333333333333,0.4666666666666667,0.7000000000000001,0.2083333333333333,1736.9,0.9005
2020-06-01,3055.73,31073.88,17840.0,774.0,0.0,0.08,7097316.0,-0.09,0.0,0.12,0.48,0.92,0.0824742268041237,1750.3,0.8979
2020-06-02,3080.82,31332.99,20090.0,980.0,0.0,0.08,7097316.0,-0.06,0.1923076923076923,0.3461538461538461,0.1923076923076923,0.6923076923076923,0.1358885017421603,1734.0,0.8954
2020-06-03,3122.87,31804.65,19156.0,1009.0,0.0,0.08,7165217.0,-0.02,0.0588235294117647,0.6470588235294118,0.1764705882352941,0.8823529411764706,0.2372881355932203,1704.8,0.8901
2020-06-04,3112.35,31699.35,27934.0,1006.0,0.0,0.08,7165217.0,0.03,0.0869565217391304,0.2173913043478261,0.3043478260869565,0.9130434782608696,0.2137931034482758,1727.4,0.8822
2020-06-05,3193.93,32538.05,26439.0,878.0,0.0,0.08,7165217.0,0.06,-0.1052631578947368,-0.1052631578947368,0.3157894736842105,0.7894736842105263,0.1344827586206896,1683.0,0.8858
2020-06-08,3232.39,32981.16,16899.0,511.0,0.0,0.08,7165217.0,0.04,0.1875,0.125,0.3125,0.875,0.1777003484320557,1705.1,0.8854
2020-06-09,3207.18,32665.6,20321.0,914.0,0.0,0.08,7165217.0,0.01,0.0384615384615384,0.0,0.5384615384615384,0.8461538461538463,0.1590106007067138,1721.9,0.8818
2020-06-10,3190.14,32437.11,21718.0,875.0,0.0,0.08,7168936.0,-0.07,0.0666666666666666,0.0333333333333333,0.2666666666666666,0.9666666666666668,0.1489361702127659,1720.7,0.8789
2020-06-11,3002.1,30484.44,22278.0,817.0,0.0,0.08,7168936.0,-0.14,0.0625,0.4375,0.1875,0.875,0.096551724137931,1739.8,0.8851
2020-06-12,3041.31,30911.92,25558.0,825.0,0.0,0.08,7168936.0,-0.08,-0.04,0.32,0.3199999999999999,0.92,0.2346938775510204,1737.3,0.8884
2020-06-15,3066.59,31228.39,20999.0,401.0,0.0,0.08,7168936.0,-0.09,0.1153846153846153,0.1153846153846153,0.3846153846153846,0.8461538461538463,0.1438848920863309,1727.2,0.883
2020-06-16,3124.74,31822.67,24549.0,786.0,0.0,0.08,7168936.0,-0.06,-0.0384615384615384,0.0769230769230769,0.3461538461538462,0.8461538461538463,0.1398963730569948,1736.5,0.8878
2020-06-17,3113.49,31678.72,27050.0,747.0,0.0,0.08,7094690.0,-0.06,-0.0416666666666666,0.3333333333333333,0.6666666666666667,0.8333333333333333,0.2145328719723183,1735.6,0.8894
2020-06-18,3115.34,31704.37,28227.0,700.0,0.0,0.08,7094690.0,-0.11,0.0833333333333333,0.3333333333333333,0.2916666666666666,0.875,0.1736842105263157,1731.1,0.8926
2020-06-19,3097.74,31534.06,31054.0,634.0,0.0,0.08,7094690.0,-0.13,0.0,0.0909090909090909,0.1818181818181818,0.8636363636363636,0.1295336787564767,1753.0,0.8945
2020-06-22,3117.86,31738.05,29801.0,378.0,0.0,0.08,7094690.0,-0.17,0.0625,0.5,0.625,0.75,0.164021164021164,1766.4,0.888
2020-06-23,3131.29,31864.58,38730.0,739.0,0.0,0.08,7094690.0,-0.18,-0.1538461538461538,0.2692307692307693,0.2307692307692307,1.0,0.2152777777777778,1782.0,0.8843
2020-06-24,3050.33,31008.58,36251.0,755.0,0.0,0.08,7082302.0,-0.18,0.2857142857142857,0.1904761904761904,0.2857142857142857,0.9047619047619048,0.2097902097902098,1775.1,0.8888
2020-06-25,3083.76,31373.25,39298.0,548.0,0.0,0.08,7082302.0,-0.2,0.074074074074074,0.2962962962962963,0.3703703703703704,0.8148148148148148,0.1379310344827586,1770.6,0.8914
2020-06-26,3009.05,30620.42,49046.0,626.0,0.0,0.08,7082302.0,-0.23,-0.1249999999999999,0.0833333333333333,0.3333333333333332,0.75,0.0944055944055943,1780.3,0.8914
2020-06-29,3053.24,31093.8,41296.0,369.0,0.0,0.08,7082302.0,-0.22,0.0714285714285714,0.5,0.1785714285714285,0.8571428571428572,0.1924398625429553,1781.2,0.8894
2020-06-30,3100.29,31576.79,49824.0,559.0,0.0,0.08,7082302.0,-0.2,0.2307692307692307,0.1923076923076923,0.4230769230769231,0.7692307692307692,0.2222222222222222,1800.5,0.8902
2020-07-01,3115.86,31714.07,49122.0,698.0,0.0,0.09,7009040.0,-0.2,0.1666666666666666,0.4166666666666667,0.2916666666666667,0.8333333333333333,0.25,1779.9,0.8887
2020-07-02,3130.01,31859.2,54944.0,739.0,0.0,0.09,7009040.0,-0.23,0.1052631578947368,0.2105263157894736,0.1578947368421052,0.894736842105263,0.0833333333333333,1790.0,0.8896
2020-07-06,3179.72,32357.45,43166.0,371.0,0.0,0.09,7009040.0,-0.24,0.0625,0.4375,0.375,0.9375,0.1293706293706293,1793.5,0.8842
2020-07-07,3145.32,31995.87,57230.0,1141.0,0.0,0.09,7009040.0,-0.27,0.2272727272727272,0.2272727272727273,0.1818181818181818,0.8181818181818181,0.1535836177474402,1809.9,0.8871
2020-07-08,3169.94,32262.1,60306.0,841.0,0.0,0.09,6920716.0,-0.24,0.0,0.3076923076923076,0.4615384615384615,0.6923076923076923,0.2206896551724137,1820.6,0.8827
2020-07-09,3152.05,32058.03,59656.0,1031.0,0.0,0.09,6920716.0,-0.29,0.25,0.4166666666666667,0.4583333333333333,0.7083333333333334,0.1118881118881119,1803.8,0.8861
2020-07-10,3185.04,32408.34,68858.0,816.0,0.0,0.09,6920716.0,-0.27,-0.08,0.48,0.32,0.8400000000000001,0.2377622377622378,1801.9,0.8849
2020-07-13,3155.22,32051.64,59366.0,435.0,0.0,0.09,6920716.0,-0.29,-0.1666666666666666,0.4444444444444445,0.2222222222222222,0.8888888888888888,0.2157534246575342,1814.1,0.8814
2020-07-14,3197.52,32491.4,65662.0,896.0,0.0,0.09,6920716.0,-0.3,0.0833333333333333,0.375,0.125,0.7083333333333334,0.2465753424657534,1813.4,0.8772
2020-07-15,3226.56,32874.73,66028.0,965.0,0.0,0.09,6958604.0,-0.29,0.2105263157894736,0.2105263157894736,0.2631578947368421,0.7894736842105263,0.1891191709844559,1813.8,0.8763
2020-07-16,3215.57,32747.2,70815.0,961.0,0.0,0.09,6958604.0,-0.31,0.1052631578947368,0.1578947368421052,0.2631578947368421,0.9473684210526316,0.2248062015503876,1800.3,0.8784
2020-07-17,3224.73,32859.69,66472.0,915.0,0.0,0.09,6958604.0,-0.33,0.4090909090909091,0.3181818181818182,0.2272727272727272,0.8636363636363636,0.2717770034843205,1810.0,0.8748
2020-07-20,3251.84,33132.24,60663.0,529.0,0.0,0.09,6958604.0,-0.34,0.1739130434782608,0.2173913043478261,0.5217391304347826,1.0,0.3962655601659751,1817.4,0.8736
2020-07-21,3257.3,33200.9,68194.0,1096.0,0.0,0.09,6958604.0,-0.37,-0.1034482758620689,-0.1034482758620689,0.3793103448275862,0.9310344827586208,0.296875,1843.9,0.8675
2020-07-22,3276.02,33387.86,67546.0,1225.0,0.0,0.09,6964755.0,-0.37,0.1290322580645161,0.1290322580645161,0.4838709677419355,0.935483870967742,0.2133333333333333,1865.1,0.8642
2020-07-23,3235.66,33005.55,67887.0,1086.0,0.0,0.09,6964755.0,-0.39,0.0526315789473684,0.0526315789473684,0.631578947368421,0.7894736842105263,0.1713286713286713,1890.0,0.8623
2020-07-24,3215.63,32761.21,75147.0,1094.0,0.0,0.09,6964755.0,-0.41,0.2758620689655172,0.2413793103448276,0.3103448275862068,0.9310344827586208,0.1742160278745644,1897.5,0.858
2020-07-27,3239.41,33040.36,59724.0,1100.0,0.0,0.09,6964755.0,-0.4,0.2799999999999999,0.1999999999999999,0.52,0.96,0.177304964539007,1955.4,0.8509
2020-07-28,3218.44,32804.16,64830.0,1222.0,0.0,0.09,6964755.0,-0.43,-0.0416666666666666,0.4166666666666667,0.3333333333333333,0.9583333333333334,0.2020905923344947,1963.9,0.8536
2020-07-29,3258.44,33257.02,64128.0,1440.0,0.0,0.09,6949032.0,-0.44,0.0434782608695652,0.3043478260869565,0.5652173913043479,0.826086956521739,0.2296819787985866,1976.7,0.8481
2020-07-30,3246.22,33141.9,69244.0,1289.0,0.0,0.09,6949032.0,-0.46,-0.0833333333333333,0.125,0.7083333333333334,0.875,0.1786941580756013,1966.8,0.8441
2020-07-31,3271.12,33323.8,64576.0,1183.0,0.0,0.09,6949032.0,-0.49,0.0833333333333333,0.4166666666666667,0.375,1.0,0.1859649122807017,1985.9,0.8489
2020-08-03,3294.61,33609.09,41686.0,559.0,0.0,0.1,6949032.0,-0.49,-0.0952380952380952,0.4761904761904762,0.6190476190476191,0.9047619047619048,0.2421052631578947,1986.3,0.8501
2020-08-04,3306.51,33734.57,61658.0,1255.0,0.0,0.1,6949032.0,-0.51,0.2631578947368421,0.1052631578947368,0.0526315789473684,0.9473684210526316,0.1678321678321678,2021.0,0.8473
2020-08-05,3327.77,33987.45,54349.0,1408.0,0.0,0.1,6945237.0,-0.51,0.1052631578947368,0.4736842105263157,0.2105263157894736,0.7894736842105263,0.166077738515901,2049.3,0.8429
2020-08-06,3349.16,34158.02,60180.0,1181.0,0.0,0.1,6945237.0,-0.52,0.25,0.25,0.35,0.8,0.1573426573426573,2069.4,0.8419
2020-08-07,3351.28,34194.1,60587.0,1291.0,0.0,0.1,6945237.0,-0.48,0.0,0.391304347826087,0.4347826086956522,0.9565217391304348,0.2145328719723183,2028.0,0.8485
2020-08-10,3360.47,34277.41,51617.0,517.0,0.0,0.1,6945237.0,-0.47,0.0714285714285714,-0.0357142857142857,0.3928571428571428,0.9642857142857144,0.2411347517730496,2039.7,0.8519
2020-08-11,3333.69,34007.95,56956.0,1097.0,0.0,0.1,6945237.0,-0.43,0.1052631578947368,0.4210526315789474,0.5789473684210527,0.894736842105263,0.3354297693920335,1946.3,0.8517
2020-08-12,3380.35,34467.13,55245.0,1515.0,0.0,0.1,6957277.0,-0.41,-0.0909090909090908,0.0,0.1818181818181818,0.9090909090909092,0.2366412213740458,1949.0,0.8486
2020-08-13,3373.43,34422.43,51657.0,1038.0,0.0,0.1,6957277.0,-0.37,-0.0588235294117646,0.2941176470588235,0.5294117647058824,1.0,0.0871080139372822,1970.4,0.8465
2020-08-14,3372.85,34408.67,70125.0,1309.0,0.0,0.1,6957277.0,-0.33,0.0869565217391304,0.0434782608695652,0.3913043478260869,0.8695652173913043,0.167235494880546,1949.8,0.8443
2020-08-17,3381.99,34548.01,37849.0,469.0,0.0,0.1,6957277.0,-0.35,-0.0714285714285714,0.4285714285714285,0.2857142857142857,1.0,0.1578947368421052,1998.7,0.8424
2020-08-18,3389.78,34593.1,44902.0,1225.0,0.0,0.1,6957277.0,-0.42,0.0,0.1,0.3,1.0,0.2352941176470588,2013.1,0.8382
2020-08-19,3374.85,34444.28,45884.0,689.0,0.0,0.1,7010637.0,-0.4,0.1428571428571428,0.1904761904761904,0.380952380952381,1.0,0.1875,1970.3,0.8446
2020-08-20,3385.51,34543.22,45131.0,1100.0,0.0,0.1,7010637.0,-0.37,0.1,0.4333333333333333,0.5333333333333333,0.9333333333333332,0.2431506849315068,1946.5,0.843
2020-08-21,3397.16,34626.02,47591.0,1092.0,0.0,0.1,7010637.0,-0.41,0.4285714285714285,0.6666666666666667,0.380952380952381,0.9047619047619048,0.2147887323943662,1947.0,0.8478
2020-08-24,3431.28,34957.74,33923.0,423.0,0.0,0.1,7010637.0,-0.43,0.2222222222222222,0.1481481481481481,0.5555555555555556,0.9629629629629628,0.0744680851063829,1939.2,0.8483
2020-08-25,3443.62,35078.17,42674.0,1226.0,0.0,0.1,7010637.0,-0.42,0.04,0.36,0.4399999999999999,1.0,0.1626297577854671,1923.1,0.8449
2020-08-26,3478.73,35403.5,42075.0,1157.0,0.0,0.1,6990418.0,-0.42,0.25,0.375,0.4583333333333333,0.9583333333333334,0.1626297577854671,1952.5,0.8452
2020-08-27,3484.55,35479.64,50518.0,1099.0,0.0,0.1,6990418.0,-0.35,0.1304347826086956,0.1739130434782609,0.6521739130434783,0.826086956521739,0.1862068965517241,1932.6,0.8459
2020-08-28,3508.01,35720.4,46471.0,928.0,0.0,0.1,6990418.0,-0.37,0.1785714285714286,0.1785714285714285,0.2142857142857143,0.9642857142857144,0.2195121951219512,1974.9,0.8399
2020-08-31,3500.31,35661.56,33363.0,485.0,0.0,0.1,6990418.0,-0.44,0.1333333333333333,0.3999999999999999,0.2666666666666666,1.0,0.2206896551724138,1978.6,0.8378
2020-09-01,3526.65,35940.29,41978.0,1062.0,0.0,0.09,6990418.0,-0.47,0.1666666666666666,0.0833333333333333,0.2916666666666667,0.75,0.0861618798955613,1978.9,0.8395
2020-09-02,3580.84,36434.12,39961.0,1059.0,0.0,0.09,7017492.0,-0.48,0.1785714285714285,0.3214285714285714,0.3928571428571428,0.8571428571428572,0.1972318339100346,1944.7,0.8435
2020-09-03,3455.06,35138.18,45141.0,1017.0,0.0,0.09,7017492.0,-0.47,0.0588235294117646,0.5882352941176471,0.2941176470588235,0.8823529411764706,0.1782945736434108,1937.8,0.8438
2020-09-04,3426.96,34848.03,48336.0,963.0,0.0,0.09,7017492.0,-0.41,0.0,0.2272727272727272,0.3636363636363636,0.8181818181818181,0.2077464788732394,1934.3,0.8446
2020-09-08,3331.84,33848.56,26747.0,465.0,0.0,0.09,7017492.0,-0.42,0.0,0.2499999999999999,0.5,0.7916666666666666,0.0984455958549223,1943.2,0.8493
2020-09-09,3398.96,34527.94,33638.0,1102.0,0.0,0.09,7010614.0,-0.42,-0.0384615384615384,0.1923076923076923,0.4230769230769231,0.6923076923076923,0.1994680851063829,1954.9,0.8472
2020-09-10,3339.19,33957.0,39448.0,906.0,0.0,0.09,7010614.0,-0.43,0.1379310344827586,0.1034482758620689,0.5517241379310345,1.0,0.0851063829787233,1964.3,0.8463
2020-09-11,3340.97,33949.24,44623.0,1148.0,0.0,0.09,7010614.0,-0.41,0.2692307692307693,0.2692307692307692,0.6153846153846154,0.7692307692307692,0.1328671328671328,1947.9,0.8441
2020-09-14,3383.54,34472.92,32565.0,419.0,0.0,0.09,7010614.0,-0.4,0.25,0.0,0.4499999999999999,0.8999999999999999,0.175438596491228,1963.7,0.843
2020-09-15,3401.2,34666.0,37178.0,1198.0,0.0,0.09,7010614.0,-0.41,-0.1578947368421052,0.2631578947368421,0.3157894736842105,0.894736842105263,0.1557093425605536,1966.2,0.8441
2020-09-16,3385.49,34547.98,38292.0,937.0,0.0,0.09,7064475.0,-0.4,0.1739130434782609,0.5217391304347827,0.608695652173913,1.0,0.1885813148788927,1970.5,0.8463
2020-09-17,3357.01,34252.51,45318.0,855.0,0.0,0.09,7064475.0,-0.4,0.1481481481481481,0.3333333333333333,0.7037037037037037,0.8888888888888888,0.134297520661157,1949.9,0.8439
2020-09-18,3319.47,33916.43,50186.0,956.0,0.0,0.09,7064475.0,-0.39,0.1111111111111111,0.6296296296296297,0.5925925925925926,1.0,0.2321899736147757,1962.1,0.8445
2020-09-21,3281.06,33503.78,32044.0,406.0,0.0,0.09,7064475.0,-0.38,0.16,0.2,0.48,0.96,0.1773049645390071,1910.6,0.8494
2020-09-22,3315.57,33834.81,38272.0,1026.0,0.0,0.09,7064475.0,-0.38,0.3333333333333333,0.1904761904761904,0.7142857142857143,0.9047619047619048,0.1197183098591549,1907.6,0.8541
2020-09-23,3236.92,33005.83,41119.0,1047.0,0.0,0.09,7093161.0,-0.38,0.0999999999999999,0.1333333333333333,0.3999999999999999,0.8666666666666667,0.1623036649214659,1868.4,0.8575
2020-09-24,3246.59,33074.37,48881.0,895.0,0.0,0.09,7093161.0,-0.4,0.074074074074074,0.1481481481481481,0.5555555555555556,0.7407407407407407,0.215547703180212,1876.9,0.8569
2020-09-25,3298.46,33631.59,47137.0,909.0,0.0,0.09,7093161.0,-0.41,0.0454545454545454,0.5909090909090909,0.2727272727272727,1.0,0.1590106007067138,1866.3,0.8597
2020-09-28,3351.6,34202.2,37740.0,334.0,0.0,0.09,7093161.0,-0.42,0.0625,0.4375,0.5625,0.6875,0.0526315789473684,1882.3,0.8571
2020-09-29,3335.47,34044.38,42034.0,895.0,0.0,0.09,7093161.0,-0.44,0.4,0.28,0.4399999999999999,0.88,0.1333333333333333,1903.2,0.8515
2020-09-30,3363.0,34305.78,38633.0,907.0,0.0,0.09,7056129.0,-0.4,-0.0606060606060606,0.2727272727272727,0.5757575757575757,0.696969696969697,0.1916376306620209,1895.5,0.8531
2020-10-01,3380.8,34567.89,46246.0,897.0,0.0,0.09,7056129.0,-0.41,-0.0869565217391304,0.3478260869565217,0.3043478260869565,0.7391304347826086,0.2867132867132868,1916.3,0.8513
2020-10-02,3348.42,34283.4,53445.0,835.0,0.0,0.09,7056129.0,-0.41,0.2162162162162162,0.3783783783783784,0.5945945945945945,0.945945945945946,0.2395833333333333,1907.6,0.8534
2020-10-05,3408.6,34928.13,37358.0,470.0,0.0,0.09,7056129.0,-0.35,-0.074074074074074,0.2962962962962963,0.4074074074074074,0.7407407407407407,0.2178571428571428,1920.1,0.8484
2020-10-06,3360.97,34492.15,44546.0,696.0,0.0,0.09,7056129.0,-0.34,0.125,0.0833333333333333,0.3333333333333333,0.875,0.196551724137931,1908.8,0.8523
2020-10-07,3419.44,35104.71,49138.0,905.0,0.0,0.09,7074649.0,-0.32,0.2222222222222222,0.074074074074074,0.3703703703703703,1.0,0.1789473684210526,1890.8,0.8499
2020-10-08,3446.83,35391.94,57891.0,977.0,0.0,0.09,7074649.0,-0.37,0.125,0.2916666666666667,0.375,0.9166666666666669,0.3263888888888889,1895.1,0.8503
2020-10-09,3477.14,35696.38,55080.0,967.0,0.0,0.09,7074649.0,-0.37,-0.037037037037037,0.3703703703703703,0.3703703703703703,0.9629629629629628,0.1666666666666666,1926.2,0.8452
2020-10-13,3511.93,36031.93,50124.0,772.0,0.0,0.09,7074649.0,-0.41,0.1212121212121211,0.1818181818181818,0.303030303030303,0.7575757575757576,-0.0128865979381443,1894.6,0.8513
2020-10-14,3488.67,35799.78,58442.0,989.0,0.0,0.09,7151426.0,-0.41,0.217391304347826,0.2608695652173913,0.3913043478260869,0.9130434782608696,0.1639344262295081,1907.3,0.8513
2020-10-15,3483.34,35778.99,63537.0,828.0,0.0,0.09,7151426.0,-0.41,-0.0588235294117646,0.1764705882352941,0.0588235294117646,0.7647058823529411,0.0623376623376623,1908.9,0.8541
2020-10-16,3483.81,35759.58,70175.0,926.0,0.0,0.09,7151426.0,-0.41,0.1764705882352941,0.088235294117647,0.411764705882353,0.9411764705882352,0.125,1906.4,0.8533
2020-10-19,3426.92,35212.38,67884.0,479.0,0.0,0.09,7151426.0,-0.38,-0.0689655172413793,0.1724137931034483,0.1724137931034483,1.0,0.1137931034482758,1911.7,0.8496
2020-10-20,3443.12,35343.82,61740.0,933.0,0.0,0.09,7151426.0,-0.35,-0.0454545454545454,0.2272727272727272,0.2727272727272727,0.8636363636363636,0.0240549828178694,1915.4,0.8458
2020-10-21,3435.56,35227.23,60706.0,1157.0,0.0,0.09,7177265.0,-0.34,0.0454545454545454,0.1818181818181818,0.3636363636363636,0.9090909090909092,0.1576923076923077,1929.5,0.8431
2020-10-22,3453.49,35450.68,79621.0,838.0,0.0,0.09,7177265.0,-0.32,0.1904761904761904,0.3333333333333333,0.6190476190476191,0.9047619047619048,0.2010443864229765,1904.6,0.846
2020-10-23,3465.39,35587.9,81662.0,945.0,0.0,0.09,7177265.0,-0.34,-0.037037037037037,0.2962962962962963,0.4074074074074074,0.9259259259259258,0.1230366492146596,1905.2,0.843
2020-10-26,3400.97,34918.18,64564.0,514.0,0.0,0.09,7177265.0,-0.36,0.12,0.3999999999999999,0.36,0.8400000000000001,0.0921985815602837,1905.7,0.8468
2020-10-27,3390.68,34799.18,77224.0,1007.0,0.0,0.09,7177265.0,-0.38,0.3333333333333333,0.5,0.2916666666666666,0.9166666666666669,0.0035087719298245,1911.9,0.8477
2020-10-28,3271.03,33618.19,86476.0,1010.0,0.0,0.09,7146306.0,-0.38,-0.0526315789473684,0.2631578947368421,0.5263157894736842,0.7894736842105263,0.132404181184669,1879.2,0.8513
2020-10-29,3310.11,34001.6,91293.0,988.0,0.0,0.09,7146306.0,-0.34,-0.0399999999999999,0.32,0.3999999999999999,0.88,0.108843537414966,1868.0,0.8566
2020-10-30,3269.96,33541.92,99849.0,1055.0,0.0,0.09,7146306.0,-0.31,0.0416666666666666,0.4166666666666667,0.4583333333333333,0.7916666666666666,0.0714285714285714,1879.9,0.8586
2020-11-02,3310.24,33962.43,81808.0,554.0,0.0,0.09,7146306.0,-0.34,0.1428571428571428,0.4285714285714285,0.3214285714285714,0.8571428571428572,0.2266187050359712,1892.5,0.8591
2020-11-03,3369.16,34612.51,124767.0,1595.0,0.0,0.09,7146306.0,-0.33,0.0,0.04,0.48,0.76,0.1087719298245614,1910.4,0.8531
2020-11-04,3443.44,35339.61,100264.0,1108.0,0.0,0.09,7157479.0,-0.36,0.2666666666666666,0.2,0.5333333333333333,0.9333333333333332,0.1989247311827957,1896.2,0.853
2020-11-05,3510.45,36071.16,128081.0,1159.0,0.0,0.09,7157479.0,-0.38,0.1153846153846153,0.1923076923076923,0.6153846153846154,0.8461538461538463,0.074074074074074,1946.8,0.8453
2020-11-06,3509.44,36050.46,127058.0,1206.0,0.0,0.09,7157479.0,-0.32,-0.0625,0.1875,0.375,0.875,0.2606382978723404,1951.7,0.8421
2020-11-09,3550.5,36439.86,116956.0,758.0,0.0,0.09,7157479.0,-0.24,0.0499999999999999,0.2,0.5499999999999999,1.0,0.4019337016574585,1854.4,0.8465
2020-11-10,3545.53,36414.89,136555.0,1408.0,0.0,0.09,7157479.0,-0.26,-0.1428571428571428,0.5714285714285714,0.4285714285714286,0.8928571428571429,0.261072261072261,1876.4,0.8464
2020-11-12,3537.01,36334.56,158797.0,1195.0,0.0,0.09,7175417.0,-0.33,0.25,0.25,0.7083333333333334,1.0,0.2042105263157894,1873.3,0.847
2020-11-13,3585.15,36830.0,179518.0,1195.0,0.0,0.09,7175417.0,-0.33,0.1111111111111111,0.2777777777777778,0.2777777777777778,0.8888888888888888,0.2589473684210526,1886.2,0.8448
2020-11-16,3626.91,37288.44,153087.0,814.0,0.0,0.09,7175417.0,-0.31,0.1666666666666666,0.1666666666666666,0.5833333333333333,1.0,0.3315994798439532,1887.8,0.8436
2020-11-17,3609.53,37196.86,164646.0,1702.0,0.0,0.09,7175417.0,-0.34,0.1212121212121212,0.2727272727272727,0.5454545454545454,0.8787878787878789,0.2372013651877133,1885.1,0.843
2020-11-18,3567.79,36817.21,171969.0,1918.0,0.0,0.09,7243080.0,-0.33,-0.04,0.3999999999999999,0.24,0.92,0.3270223752151463,1873.9,0.8435
2020-11-19,3581.87,37018.95,192303.0,2029.0,0.0,0.09,7243080.0,-0.36,0.12,0.36,0.4,0.8400000000000001,0.2617021276595744,1861.5,0.8422
2020-11-20,3557.54,36819.46,201667.0,1935.0,0.0,0.09,7243080.0,-0.4,0.1153846153846153,0.0,0.3076923076923076,0.7692307692307692,0.2360248447204969,1872.4,0.8435
2020-11-23,3577.59,37108.09,181511.0,1065.0,0.0,0.09,7243080.0,-0.38,0.32,0.1599999999999999,0.36,1.0,0.3438818565400844,1844.1,0.8446
2020-11-24,3635.41,37689.39,173562.0,2132.0,0.0,0.09,7243080.0,-0.37,0.0416666666666666,-0.1666666666666666,0.4166666666666666,1.0,0.2233820459290187,1810.9,0.8409
2020-11-25,3629.65,37664.73,180214.0,2236.0,0.0,0.09,7216480.0,-0.38,-0.125,-0.03125,0.34375,1.0,0.2849872773536895,1811.2,0.8393
2020-11-27,3638.35,37799.36,214637.0,1544.0,0.0,0.09,7216480.0,-0.42,-0.1,0.4,0.4,0.85,0.2147887323943662,1788.1,0.8359
2020-11-30,3621.63,37581.62,154918.0,1309.0,0.0,0.09,7216480.0,-0.44,0.1935483870967742,0.1290322580645161,0.5483870967741935,1.0,0.1906779661016949,1780.9,0.8385
2020-12-01,3662.45,37967.7,197116.0,2547.0,0.0,0.09,7216480.0,-0.39,0.074074074074074,0.4814814814814815,0.4074074074074074,0.9259259259259258,0.2203742203742204,1818.9,0.8285
2020-12-02,3669.01,38009.72,196165.0,2810.0,0.0,0.09,7222414.0,-0.39,0.2592592592592592,0.2962962962962963,0.4074074074074074,0.8148148148148148,0.3041958041958041,1830.2,0.8253
2020-12-03,3666.72,38058.13,220231.0,2947.0,0.0,0.09,7222414.0,-0.42,0.1875,0.375,0.75,0.8125,0.2718954248366013,1841.1,0.8231
2020-12-04,3699.12,38454.3,235375.0,2608.0,0.0,0.09,7222414.0,-0.38,0.1851851851851851,0.4814814814814814,0.4814814814814815,0.8518518518518519,0.226928895612708,1840.0,0.825
2020-12-07,3691.96,38419.62,195461.0,1558.0,0.0,0.09,7222414.0,-0.4,0.2777777777777778,0.2222222222222222,0.0,0.7777777777777777,0.3393177737881507,1866.0,0.8257
2020-12-08,3702.25,38576.35,227057.0,2573.0,0.0,0.09,7222414.0,-0.42,0.1666666666666666,0.3333333333333333,0.4047619047619048,0.9047619047619048,0.3592417061611375,1874.9,0.8261
2020-12-09,3672.82,38213.66,216015.0,3163.0,0.0,0.09,7242658.0,-0.42,0.2222222222222222,0.2962962962962963,0.4814814814814814,0.9259259259259258,0.2490066225165563,1838.5,0.8276
2020-12-10,3668.1,38271.49,236944.0,2977.0,0.0,0.09,7242658.0,-0.44,0.2142857142857142,0.1428571428571428,0.2499999999999999,0.8214285714285715,0.2343987823439878,1837.4,0.8236
2020-12-11,3663.46,38201.7,238910.0,3369.0,0.0,0.09,7242658.0,-0.44,-0.08,0.32,0.32,0.8400000000000001,0.1868512110726643,1843.6,0.8257
2020-12-14,3647.49,38085.78,209840.0,1645.0,0.01,0.09,7242658.0,-0.44,0.21875,0.25,0.375,0.96875,0.3375130616509926,1832.1,0.8236
2020-12-15,3694.62,38602.35,226316.0,2966.0,0.02,0.09,7242658.0,-0.45,0.1851851851851851,0.5925925925925926,0.6296296296296297,0.9259259259259258,0.2650462962962963,1855.3,0.8227
2020-12-16,3701.17,38650.25,234809.0,3722.0,0.07,0.09,7362592.0,-0.43,0.1333333333333333,0.0,0.3333333333333333,1.0,0.1749710312862109,1859.1,0.8196
2020-12-17,3722.48,38947.55,240252.0,3445.0,0.15,0.09,7362592.0,-0.44,0.1249999999999999,0.3333333333333332,0.2916666666666666,0.875,0.1616266944734098,1890.4,0.815
2020-12-18,3709.41,38854.83,247951.0,2930.0,0.27,0.09,7362592.0,-0.43,0.1612903225806451,0.3548387096774194,0.4193548387096774,0.935483870967742,0.2017543859649122,1888.9,0.8157
2020-12-21,3694.92,38741.41,196860.0,1792.0,0.47,0.09,7362592.0,-0.43,0.0869565217391304,0.6956521739130435,0.4347826086956522,1.0,0.3032145960034752,1882.8,0.8167
2020-12-22,3687.26,38750.1,205936.0,3292.0,0.6,0.09,7362592.0,-0.44,0.2121212121212121,0.4545454545454546,0.5454545454545454,0.9393939393939394,0.2444703143189755,1870.3,0.8223
2020-12-23,3690.01,38789.62,221440.0,3370.0,0.77,0.09,7404039.0,-0.43,0.1785714285714285,0.4285714285714285,0.0357142857142857,0.9285714285714286,0.2202111613876319,1878.1,0.8205
2020-12-24,3703.06,38887.44,212947.0,2914.0,0.83,0.09,7404039.0,-0.46,0.1111111111111111,0.3333333333333333,0.5925925925925926,0.9629629629629628,0.2676056338028169,1883.2,0.8206
2020-12-28,3735.36,39090.96,173302.0,1866.0,1.08,0.09,7404039.0,-0.46,0.0,0.4545454545454545,0.1363636363636363,1.0,0.1261398176291793,1880.4,0.8187
2020-12-29,3727.04,38935.62,205978.0,3611.0,1.29,0.09,7404039.0,-0.45,0.0,0.52,0.5599999999999999,1.0,0.225296442687747,1882.9,0.8163
2020-12-30,3732.04,39037.62,218293.0,3904.0,1.54,0.09,7363351.0,-0.45,0.32,0.4,0.56,0.92,0.2844990548204159,1893.4,0.813
2020-12-31,3756.07,39219.62,315084.0,3311.0,1.66,0.09,7363351.0,-0.48,0.1851851851851851,0.2962962962962963,0.3333333333333333,0.9259259259259258,0.2029816513761467,1895.1,0.8186
2021-01-04,3700.65,38646.4,185516.0,1973.0,1.99,0.09,7363351.0,-0.5,0.28,0.0,0.36,0.64,0.286697247706422,1946.6,0.8162
2021-01-05,3726.86,38970.56,232864.0,3594.0,2.21,0.09,7363351.0,-0.47,-0.0625,0.3125,0.40625,1.0,0.1672433679354094,1954.4,0.8131
2021-01-06,3748.14,39299.82,259760.0,3910.0,2.46,0.09,7334809.0,-0.41,0.0,0.1304347826086956,0.3043478260869565,0.9130434782608696,0.1764018691588784,1908.6,0.8112
2021-01-07,3803.79,39938.7,286254.0,4013.0,2.72,0.09,7334809.0,-0.39,-0.0344827586206896,0.3103448275862069,0.2068965517241379,0.8620689655172414,0.2269503546099291,1913.6,0.815
2021-01-08,3824.68,40122.82,304077.0,4178.0,2.98,0.09,7334809.0,-0.33,0.064516129032258,0.1612903225806451,0.1935483870967742,0.9032258064516128,0.2850746268656716,1835.4,0.8183
2021-01-11,3799.61,39907.45,203969.0,1834.0,3.36,0.09,7334809.0,-0.32,0.05,0.35,0.35,0.8999999999999999,0.3112582781456954,1850.8,0.823
2021-01-12,3801.19,40030.23,221814.0,4368.0,3.64,0.09,7334809.0,-0.34,0.125,0.3125,0.5625,0.6875,0.2897196261682243,1844.2,0.8191
2021-01-13,3809.84,40067.51,229344.0,4012.0,3.95,0.09,7333968.0,-0.39,0.3,0.0666666666666666,0.3,0.8333333333333334,0.2356770833333333,1854.9,0.8224
2021-01-14,3795.54,40017.75,235581.0,3776.0,4.29,0.09,7333968.0,-0.36,0.1034482758620689,0.0,0.3793103448275862,1.0,0.2575163398692811,1851.4,0.8226
2021-01-15,3768.25,39697.42,244997.0,3808.0,4.63,0.09,7333968.0,-0.38,0.1176470588235294,0.2647058823529412,0.2352941176470588,1.0,0.2604602510460251,1829.9,0.8278
2021-01-19,3798.91,40039.29,156901.0,2389.0,5.36,0.09,7333968.0,-0.4,0.1212121212121212,0.3636363636363636,0.6060606060606061,0.9696969696969696,0.1844155844155844,1840.2,0.8244
2021-01-20,3851.85,40551.83,187397.0,4431.0,5.71,0.09,7414942.0,-0.42,0.1428571428571428,0.2571428571428571,0.6000000000000001,0.9714285714285714,0.231578947368421,1870.2,0.826
2021-01-21,3853.07,40517.07,192561.0,4118.0,6.11,0.09,7414942.0,-0.43,0.1785714285714285,0.2857142857142857,0.5714285714285714,1.0,0.2749706227967098,1869.3,0.8219
2021-01-22,3841.47,40458.32,191775.0,3776.0,6.53,0.09,7414942.0,-0.43,0.2121212121212121,0.4545454545454545,0.3939393939393939,1.0,0.2598425196850393,1859.9,0.8215
2021-01-25,3855.36,40565.56,129602.0,1763.0,7.11,0.09,7414942.0,-0.45,0.1282051282051282,0.2051282051282051,0.5128205128205128,0.8974358974358974,0.30859375,1859.0,0.8236
2021-01-26,3849.62,40435.26,151010.0,3971.0,7.42,0.09,7414942.0,-0.43,0.2058823529411765,0.2352941176470588,0.2647058823529411,0.8823529411764706,0.2543757292882147,1854.8,0.8223
2021-01-27,3750.77,39395.33,155456.0,4112.0,7.8,0.09,7404926.0,-0.43,0.0769230769230769,0.2692307692307693,0.1538461538461538,0.8461538461538463,0.2114882506527415,1848.9,0.8257
2021-01-28,3787.38,39790.95,166765.0,3827.0,8.21,0.09,7404926.0,-0.46,0.064516129032258,0.3225806451612903,0.0967741935483871,0.9032258064516128,0.2519582245430809,1841.2,0.8249
2021-01-29,3714.24,39056.49,163738.0,3577.0,8.63,0.09,7404926.0,-0.42,0.1290322580645161,0.3225806451612903,0.5483870967741935,1.0,0.2906976744186046,1850.3,0.8239
2021-02-01,3773.86,39729.11,125321.0,1768.0,9.18,0.08,7404926.0,-0.42,-0.0384615384615384,0.2307692307692307,0.1538461538461538,0.9230769230769232,0.2630208333333333,1863.9,0.8292
2021-02-02,3826.31,40309.71,117030.0,3523.0,9.47,0.08,7404926.0,-0.42,0.1935483870967742,0.4193548387096775,0.2580645161290322,0.8709677419354838,0.2441860465116279,1833.4,0.8303
2021-02-03,3830.17,40361.37,124370.0,3886.0,9.85,0.08,7410598.0,-0.41,0.1481481481481481,0.1111111111111111,0.2592592592592592,0.8518518518518519,0.25948406676783,1835.1,0.8309
2021-02-04,3871.74,40846.25,125034.0,3901.0,10.27,0.08,7410598.0,-0.39,0.2857142857142857,-0.0476190476190476,0.1904761904761904,0.8571428571428572,0.2321699544764795,1791.2,0.8359
2021-02-05,3886.83,41074.0,131110.0,3672.0,10.68,0.08,7410598.0,-0.36,0.282051282051282,0.1794871794871794,0.4358974358974359,0.8974358974358974,0.2897033158813263,1813.0,0.8299
2021-02-08,3915.59,41459.82,82801.0,1441.0,11.27,0.08,7410598.0,-0.37,0.12,0.0799999999999999,0.24,0.8400000000000001,0.1869300911854103,1834.2,0.8298
2021-02-09,3911.23,41459.99,95379.0,3035.0,11.59,0.08,7410598.0,-0.38,0.2142857142857142,0.2857142857142857,0.1428571428571428,0.8571428571428572,0.2626086956521739,1837.5,0.825
2021-02-10,3909.88,41441.66,95281.0,3394.0,11.96,0.08,7442225.0,-0.4,-0.0357142857142857,0.4285714285714285,0.0,0.8571428571428572,0.1519434628975264,1842.7,0.8251
2021-02-11,3916.38,41536.07,106775.0,3165.0,12.34,0.08,7442225.0,-0.36,-0.064516129032258,0.5161290322580645,0.4193548387096774,0.8064516129032258,0.1709844559585492,1826.8,0.8242
2021-02-12,3934.83,41733.23,100583.0,2842.0,12.76,0.08,7442225.0,-0.33,0.1333333333333333,0.2666666666666666,0.2333333333333333,0.7666666666666667,0.2586989409984871,1823.2,0.8251
2021-02-16,3932.59,41672.04,59224.0,1632.0,13.55,0.08,7442225.0,-0.27,-0.1428571428571428,0.3214285714285714,0.1071428571428571,0.7857142857142857,0.1841317365269461,1799.0,0.8261
2021-02-17,3931.33,41591.17,68846.0,2422.0,13.83,0.08,7557402.0,-0.27,0.0,0.1333333333333333,0.3333333333333333,0.8666666666666667,0.254927726675427,1772.8,0.8304
2021-02-18,3913.97,41346.77,72579.0,2581.0,14.08,0.08,7557402.0,-0.22,0.0,0.3333333333333333,0.5185185185185185,0.8888888888888888,0.2653778558875219,1775.0,0.8256
2021-02-19,3906.71,41413.61,75152.0,2523.0,14.33,0.08,7557402.0,-0.15,0.2285714285714286,0.1714285714285714,0.5142857142857142,0.9428571428571428,0.3362369337979094,1777.4,0.8252
2021-02-22,3876.5,41018.7,55484.0,1195.0,14.77,0.08,7557402.0,-0.12,0.032258064516129,0.2258064516129032,0.1612903225806451,0.8709677419354838,0.258160237388724,1808.4,0.8225
2021-02-23,3881.37,41011.26,73861.0,2268.0,15.03,0.08,7557402.0,-0.1,0.0416666666666666,0.1666666666666666,0.4166666666666666,0.8333333333333333,0.2300751879699248,1805.9,0.8229
2021-02-24,3925.43,41490.07,75023.0,3231.0,15.41,0.08,7590111.0,-0.08,0.2916666666666666,0.375,0.75,1.0,0.3111395646606913,1797.9,0.8217
2021-02-25,3829.34,40383.44,77277.0,2420.0,15.87,0.08,7590111.0,0.05,0.1153846153846153,0.2692307692307692,0.2307692307692307,1.0,0.3318385650224215,1775.4,0.8213
2021-02-26,3811.15,40254.06,75419.0,2139.0,16.37,0.08,7590111.0,-0.09,0.0,0.2,0.3,0.9333333333333332,0.3055555555555555,1728.8,0.8282
2021-03-01,3901.82,41265.84,50444.0,1307.0,17.24,0.07,7590111.0,-0.03,0.1153846153846153,0.2307692307692307,0.3846153846153846,1.0,0.3406466512702078,1723.0,0.83
2021-03-02,3870.29,40863.51,58417.0,1917.0,17.68,0.07,7590111.0,-0.07,0.2608695652173913,0.3478260869565217,0.6521739130434783,0.7391304347826086,0.2747701736465782,1733.6,0.8271
2021-03-03,3819.72,40266.55,67053.0,2532.0,18.21,0.07,7557524.0,-0.05,0.2307692307692307,0.1153846153846154,0.1923076923076922,0.9230769230769232,0.2546583850931677,1715.8,0.829
2021-03-04,3768.47,39614.97,68946.0,1925.0,18.8,0.07,7557524.0,0.0,0.0,0.3333333333333332,0.375,1.0,0.2693823915900131,1700.7,0.8352
2021-03-05,3841.94,40359.08,67880.0,1712.0,19.4,0.07,7557524.0,-0.02,0.1162790697674418,0.2790697674418605,0.2093023255813953,0.9069767441860466,0.3368146214099217,1698.5,0.8392
2021-03-08,3821.35,40139.84,44098.0,694.0,20.46,0.07,7557524.0,0.01,0.2307692307692307,0.576923076923077,0.5,1.0,0.2754946727549467,1678.0,0.8442
2021-03-09,3875.44,40785.52,55505.0,1776.0,21.0,0.07,7557524.0,-0.04,0.24,0.28,0.3999999999999999,0.92,0.2724550898203592,1716.9,0.8403
2021-03-10,3898.81,41060.42,57773.0,1540.0,21.63,0.07,7579901.0,-0.1,0.21875,0.46875,0.40625,1.0,0.3011734028683181,1721.8,0.8383
2021-03-11,3939.34,41603.79,61791.0,1553.0,22.31,0.07,7579901.0,-0.07,0.0344827586206896,0.1034482758620689,0.2758620689655172,0.7241379310344827,0.2551229508196721,1722.6,0.8344
2021-03-12,3943.34,41665.73,62604.0,1413.0,22.95,0.07,7579901.0,0.07,0.1481481481481481,0.2592592592592592,0.4814814814814814,0.9629629629629628,0.293569431500466,1719.8,0.8365
2021-03-15,3968.94,41966.28,51034.0,693.0,24.01,0.07,7579901.0,0.01,0.0,0.2777777777777778,0.4444444444444445,1.0,0.2353629976580796,1729.2,0.8382
2021-03-16,3962.71,41804.0,54065.0,1255.0,24.6,0.07,7579901.0,-0.01,0.2121212121212121,0.1818181818181818,0.4242424242424242,1.0,0.1703239289446186,1730.9,0.84
2021-03-17,3974.12,41945.87,59274.0,1189.0,25.24,0.07,7693506.0,0.02,0.1290322580645161,0.3548387096774193,0.2903225806451613,0.935483870967742,0.2004801920768307,1727.1,0.8346
2021-03-18,3915.46,41210.9,62389.0,1633.0,25.93,0.07,7693506.0,0.07,0.0454545454545454,0.1818181818181818,0.4545454545454545,0.7272727272727273,0.2802768166089965,1734.6,0.8391
2021-03-19,3913.1,41251.19,61634.0,1023.0,26.6,0.07,7693506.0,0.05,0.2258064516129032,0.3548387096774193,0.2903225806451612,0.8709677419354838,0.2363636363636364,1743.9,0.8401
2021-03-22,3940.59,41475.25,47427.0,548.0,27.71,0.07,7693506.0,-0.04,0.1071428571428571,0.0714285714285714,0.3928571428571428,0.9285714285714286,0.2814526588845655,1740.4,0.838
2021-03-23,3910.52,41011.38,52859.0,944.0,28.31,0.07,7693506.0,-0.07,0.1153846153846153,0.3076923076923076,0.3076923076923076,0.8461538461538463,0.2028608582574772,1727.5,0.8438
2021-03-24,3889.14,40657.23,87758.0,1458.0,28.98,0.07,7719622.0,-0.09,0.3214285714285714,0.25,0.1785714285714285,0.9285714285714286,0.2681347150259068,1735.5,0.8464
2021-03-25,3909.52,40934.15,67629.0,1347.0,29.66,0.07,7719622.0,-0.08,0.2222222222222222,0.2962962962962963,0.6666666666666667,0.9259259259259258,0.2464332036316472,1727.3,0.85
2021-03-26,3974.54,41604.09,76372.0,1153.0,30.29,0.07,7719622.0,-0.06,0.08,0.28,0.48,1.0,0.2750759878419453,1734.7,0.8478
2021-03-29,3971.09,41411.96,65872.0,625.0,31.39,0.07,7719622.0,-0.02,0.3,0.25,0.3,0.75,0.2534174553101998,1714.6,0.85
2021-03-30,3958.55,41386.65,61691.0,894.0,32.0,0.07,7719622.0,-0.03,0.0,0.0999999999999999,0.4666666666666666,0.7333333333333334,0.2425463336019339,1686.0,0.8534
2021-03-31,3972.89,41602.65,69532.0,1075.0,32.73,0.07,7688988.0,-0.01,0.0857142857142856,0.2857142857142857,0.4,0.8285714285714285,0.2299717247879359,1715.6,0.8524
2021-04-01,4019.87,42138.34,76859.0,1101.0,33.49,0.07,7688988.0,-0.04,0.0833333333333333,0.375,0.5,0.9166666666666669,0.2060988433228181,1728.4,0.849
2021-04-05,4077.91,42660.13,67090.0,458.0,35.17,0.07,7688988.0,-0.01,0.3055555555555556,0.2777777777777778,0.5,0.9444444444444444,0.2720664589823468,1728.8,0.8466
2021-04-06,4073.94,42660.32,62827.0,827.0,35.86,0.07,7688988.0,-0.02,0.1481481481481481,0.3703703703703703,0.4814814814814815,0.8518518518518519,0.2437768240343347,1743.0,0.8422
2021-04-07,4079.95,42633.1,75778.0,2600.0,36.63,0.07,7708882.0,0.0,-0.0384615384615384,0.1923076923076923,0.2692307692307692,0.9230769230769232,0.2808,1741.6,0.8423
2021-04-08,4097.17,42859.61,80065.0,1027.0,37.4,0.07,7708882.0,-0.02,0.12,-0.04,0.36,0.72,0.2029962546816479,1758.2,0.8391
2021-04-09,4128.8,43142.13,84753.0,907.0,38.14,0.07,7708882.0,0.02,0.1071428571428571,0.1071428571428571,0.4642857142857143,1.0,0.1809523809523809,1744.8,0.8402
2021-04-12,4127.99,43131.45,62184.0,443.0,39.4,0.07,7708882.0,0.01,0.16,0.0799999999999999,0.12,0.96,0.2254395036194415,1732.7,0.8396
2021-04-13,4141.59,43287.74,80841.0,879.0,39.93,0.07,7708882.0,-0.02,0.2592592592592592,0.2962962962962963,0.5555555555555556,0.8518518518518519,0.2846553002223869,1747.6,0.8369
2021-04-14,4124.66,43146.17,75605.0,933.0,40.45,0.07,7793104.0,-0.02,0.2424242424242424,0.3333333333333332,0.4848484848484848,0.696969696969697,0.2506482281763181,1736.3,0.8347
2021-04-15,4170.42,43609.98,73980.0,908.0,40.98,0.07,7793104.0,-0.11,0.0526315789473684,0.5789473684210527,0.5263157894736843,1.0,0.2655426765015806,1766.8,0.8357
2021-04-16,4185.47,43735.05,83473.0,865.0,41.47,0.07,7793104.0,-0.1,0.1764705882352941,0.1176470588235293,0.2058823529411765,0.8235294117647058,0.2325358851674641,1780.2,0.8346
2021-04-19,4163.26,43446.6,58550.0,487.0,42.31,0.07,7793104.0,-0.07,0.1764705882352941,0.1470588235294117,0.3235294117647059,0.7058823529411764,0.2440041710114702,1770.6,0.8307
2021-04-20,4134.94,43082.47,62440.0,846.0,42.71,0.07,7793104.0,-0.07,0.3478260869565217,0.2173913043478261,0.5652173913043479,1.0,0.2163009404388714,1778.4,0.8309
2021-04-21,4173.42,43550.95,64347.0,891.0,43.13,0.07,7820948.0,-0.1,0.1470588235294117,0.1764705882352941,0.1764705882352941,1.0,0.2142180094786729,1793.1,0.8309
2021-04-22,4134.98,43211.42,66718.0,939.0,43.55,0.07,7820948.0,-0.12,0.0,0.1428571428571428,0.1904761904761904,0.9047619047619048,0.2145557655954631,1782.0,0.8321
2021-04-23,4180.17,43736.0,62896.0,752.0,43.96,0.07,7820948.0,-0.12,0.2121212121212121,0.303030303030303,0.2727272727272727,1.0,0.2988898377455166,1777.8,0.8265
2021-04-26,4187.62,43893.23,42286.0,473.0,44.69,0.07,7820948.0,-0.14,-0.0909090909090909,0.2727272727272727,0.1818181818181818,0.7272727272727273,0.2721584984358707,1780.1,0.8273
2021-04-27,4186.72,43888.83,52284.0,675.0,45.02,0.07,7820948.0,-0.12,0.3,0.3999999999999999,0.3,1.0,0.2375586854460094,1778.8,0.827
2021-04-28,4183.18,43853.43,55187.0,1001.0,45.36,0.07,7780962.0,-0.13,0.24,0.08,0.24,0.8400000000000001,0.2459379615952732,1773.9,0.8247
2021-04-29,4211.47,44054.28,58826.0,885.0,45.7,0.07,7780962.0,-0.11,0.0,0.5428571428571428,0.3142857142857143,0.8285714285714285,0.2516181229773463,1768.3,0.825
2021-04-30,4181.17,43703.56,58102.0,804.0,46.03,0.07,7780962.0,-0.1,0.3333333333333333,0.3939393939393939,0.4242424242424242,0.8787878787878789,0.245839636913767,1767.7,0.832
2021-05-03,4192.66,43791.61,44621.0,474.0,46.53,0.06,7780962.0,-0.11,0.2580645161290322,0.2903225806451613,0.5483870967741936,0.7741935483870968,0.1678141135972461,1791.8,0.8289
2021-05-04,4164.66,43439.71,42896.0,912.0,46.78,0.06,7780962.0,-0.12,0.0869565217391304,0.3478260869565218,0.6086956521739131,1.0,0.2156862745098039,1776.0,0.8323
2021-05-05,4167.59,43417.56,46044.0,816.0,47.02,0.06,7810486.0,-0.18,0.2727272727272727,0.5151515151515151,0.1515151515151515,1.0,0.2804709141274238,1784.3,0.833
2021-05-06,4201.62,43663.41,46180.0,823.0,47.26,0.06,7810486.0,-0.16,0.25,0.125,0.3125,0.84375,0.2685664939550949,1815.7,0.8289
2021-05-07,4232.6,44028.67,48414.0,817.0,47.49,0.06,7810486.0,-0.16,0.1612903225806451,0.3548387096774194,0.3225806451612902,0.935483870967742,0.2692713833157338,1831.3,0.8222
2021-05-10,4188.43,43485.43,32377.0,389.0,47.85,0.06,7810486.0,-0.17,0.3157894736842105,0.2631578947368421,0.4736842105263157,0.894736842105263,0.1873226111636707,1837.6,0.8244
2021-05-11,4152.1,43168.89,35478.0,695.0,48.05,0.06,7810486.0,-0.14,0.1935483870967742,0.5483870967741935,0.4838709677419355,0.935483870967742,0.1929990539262062,1836.1,0.823
2021-05-12,4063.04,42165.09,36151.0,797.0,48.24,0.06,7830663.0,-0.1,0.0,0.1666666666666666,0.3666666666666666,0.8333333333333334,0.2123050259965337,1822.8,0.8283
2021-05-13,4112.5,42650.33,38737.0,790.0,48.52,0.06,7830663.0,-0.11,-0.032258064516129,0.2903225806451612,0.4838709677419355,0.9032258064516128,0.1939820742637644,1824.0,0.8278
2021-05-14,4173.85,43368.26,42217.0,627.0,48.85,0.06,7830663.0,-0.15,0.1935483870967742,0.2580645161290322,0.3870967741935484,1.0,0.2267303102625298,1838.1,0.8233
2021-05-17,4163.29,43263.65,25243.0,393.0,49.54,0.06,7830663.0,-0.16,0.2666666666666666,0.1666666666666666,0.4666666666666666,0.8333333333333334,0.2608695652173913,1867.6,0.8229
2021-05-18,4127.83,42937.02,28918.0,783.0,49.83,0.06,7830663.0,-0.14,0.2727272727272727,0.0,0.2272727272727272,1.0,0.2259887005649717,1868.0,0.8182
2021-05-19,4115.68,42791.6,29604.0,674.0,50.13,0.06,7922883.0,-0.1,0.0606060606060606,0.5151515151515151,0.2424242424242424,0.696969696969697,0.2079482439926062,1881.5,0.8213
2021-05-20,4159.12,43259.3,30219.0,686.0,50.41,0.06,7922883.0,-0.1,0.2580645161290322,0.2258064516129032,0.3870967741935484,0.935483870967742,0.2249742002063983,1883.9,0.8178
2021-05-21,4155.86,43239.07,28825.0,623.0,50.69,0.06,7922883.0,-0.1,0.2083333333333333,0.375,0.5,1.0,0.2525773195876288,1878.9,0.821
2021-05-24,4197.05,43657.79,21874.0,432.0,51.2,0.06,7922883.0,-0.14,0.0625,0.5,0.4375,0.96875,0.1934369602763385,1886.7,0.8186
2021-05-25,4188.13,43535.94,24592.0,646.0,51.41,0.06,7922883.0,-0.18,0.3157894736842105,0.2631578947368421,0.2105263157894736,0.7368421052631579,0.1653481012658228,1900.5,0.8162
2021-05-26,4195.99,43709.19,24595.0,992.0,51.61,0.06,7903541.0,-0.16,0.1363636363636363,0.5,0.2727272727272727,0.9090909090909092,0.1806691449814126,1903.8,0.82
2021-05-27,4200.88,43806.89,26843.0,1356.0,51.79,0.06,7903541.0,-0.15,0.0967741935483871,0.2258064516129032,0.064516129032258,1.0,0.1962457337883959,1898.5,0.8201
2021-05-28,4204.11,43841.98,22244.0,531.0,51.97,0.06,7903541.0,-0.19,0.0526315789473684,0.4210526315789473,0.4473684210526316,0.9473684210526316,0.180018850141376,1905.3,0.82
2021-06-01,4202.04,43868.54,20854.0,632.0,52.33,0.08,7903541.0,-0.18,0.1111111111111111,0.2222222222222222,0.1481481481481481,0.8888888888888888,0.1781668383110195,1905.0,0.8186
2021-06-02,4208.12,43921.97,16714.0,562.0,52.48,0.08,7935703.0,-0.18,0.0,0.1538461538461538,0.2307692307692307,0.8846153846153847,0.1053984575835475,1909.9,0.8188
2021-06-03,4192.85,43712.97,18394.0,635.0,52.62,0.08,7935703.0,-0.15,0.25,0.375,0.1666666666666666,0.8333333333333333,0.238005644402634,1873.3,0.8246
2021-06-04,4229.89,44087.71,17865.0,521.0,52.77,0.08,7935703.0,-0.2,0.1785714285714285,0.1785714285714285,0.5,0.9285714285714286,0.199794026776519,1892.0,0.8218
2021-06-07,4226.52,44143.55,14072.0,316.0,53.04,0.08,7935703.0,-0.18,0.1363636363636363,0.1818181818181818,0.1363636363636363,0.9090909090909092,0.2337796086508753,1898.8,0.8204
2021-06-08,4227.26,44212.15,13040.0,320.0,53.17,0.08,7935703.0,-0.21,0.3846153846153846,0.1923076923076923,0.6153846153846154,0.9230769230769232,0.1956521739130434,1894.4,0.8215
2021-06-09,4219.55,44096.52,18565.0,485.0,53.28,0.08,7952327.0,-0.22,0.1764705882352941,0.2058823529411764,0.411764705882353,0.8235294117647058,0.1903292181069959,1895.5,0.8211
2021-06-10,4239.18,44276.56,14780.0,413.0,53.41,0.08,7952327.0,-0.27,0.2692307692307693,0.1538461538461538,0.4230769230769231,0.8076923076923077,0.1898864809081527,1896.4,0.8213
2021-06-11,4247.44,44419.97,25151.0,533.0,53.54,0.08,7952327.0,-0.25,-0.0277777777777777,0.5,0.3888888888888889,0.9444444444444444,0.1701388888888888,1879.6,0.8258
2021-06-14,4255.15,44470.6,11785.0,184.0,53.75,0.08,7952327.0,-0.26,0.0294117647058823,0.3529411764705882,0.411764705882353,0.8823529411764706,0.2349081364829396,1865.9,0.825
2021-06-15,4246.59,44348.29,10729.0,330.0,53.86,0.08,7952327.0,-0.26,0.0399999999999999,0.32,0.2,0.92,0.2728442728442729,1856.4,0.8246
2021-06-16,4223.7,44133.71,11906.0,386.0,53.97,0.08,8064257.0,-0.21,0.1515151515151515,0.1212121212121212,0.3333333333333333,0.8181818181818181,0.1625487646293888,1861.4,0.8336
2021-06-17,4221.86,44097.07,11763.0,324.0,54.08,0.08,8064257.0,-0.24,-0.0454545454545454,0.1818181818181818,0.3181818181818182,0.6363636363636364,0.1602067183462532,1774.8,0.8399
2021-06-18,4166.45,43522.29,21182.0,606.0,54.19,0.08,8064257.0,-0.29,0.1875,0.3125,0.25,0.84375,0.2298701298701299,1769.0,0.8429
2021-06-21,4224.79,44138.61,10554.0,258.0,54.38,0.08,8064257.0,-0.21,0.2352941176470588,0.5882352941176471,0.2352941176470588,1.0,0.2587776332899869,1782.9,0.839
2021-06-22,4246.44,44374.41,10797.0,345.0,54.48,0.08,8064257.0,-0.26,0.0,0.25,0.59375,0.875,0.1975180972078593,1777.4,0.8373
2021-06-23,4241.84,44363.85,12665.0,398.0,54.58,0.08,8101945.0,-0.26,0.2666666666666667,0.0666666666666667,0.6333333333333334,0.7333333333333334,0.2065727699530516,1783.4,0.8385
2021-06-24,4266.49,44658.59,14474.0,342.0,54.68,0.08,8101945.0,-0.25,0.1724137931034483,0.3448275862068966,0.5862068965517242,1.0,0.1937354988399072,1776.7,0.8381
2021-06-25,4280.7,44816.71,24603.0,522.0,54.78,0.08,8101945.0,-0.23,0.0571428571428571,0.0,0.5142857142857143,0.8857142857142857,0.197037037037037,1777.8,0.8377
2021-06-28,4290.61,44886.05,13623.0,146.0,54.97,0.08,8101945.0,-0.28,0.1363636363636363,0.409090909090909,0.6818181818181818,0.8636363636363636,0.1704805491990846,1780.7,0.8385
2021-06-29,4291.8,44880.65,7477.0,329.0,55.06,0.08,8101945.0,-0.27,0.35,0.6,0.3,0.8999999999999999,0.2118997912317327,1763.6,0.8404
2021-06-30,4297.5,44904.32,15352.0,303.0,55.16,0.08,8078544.0,-0.3,0.0285714285714285,0.2857142857142857,0.2571428571428571,1.0,0.1509433962264151,1771.6,0.8434
2021-07-01,4319.94,45126.0,15121.0,283.0,55.24,0.1,8078544.0,-0.3,0.1724137931034483,0.3448275862068966,0.5517241379310345,1.0,0.1295774647887324,1776.8,0.8438
2021-07-02,4352.34,45378.14,29756.0,433.0,55.34,0.1,8078544.0,-0.32,0.25,0.1428571428571428,0.5,1.0,0.1766091051805337,1783.3,0.8429
2021-07-06,4343.54,45257.9,22282.0,301.0,55.54,0.1,8078544.0,-0.36,0.25,0.3125,0.125,1.0,0.2001710863986313,1794.2,0.8458
2021-07-07,4358.13,45326.0,20177.0,322.0,55.63,0.1,8097773.0,-0.38,0.0869565217391304,0.3043478260869565,0.3478260869565217,0.8695652173913043,0.1328344246959775,1802.1,0.8481
2021-07-08,4320.82,44922.9,20863.0,244.0,55.72,0.1,8097773.0,-0.35,0.0606060606060606,0.3333333333333332,0.1818181818181818,0.6666666666666667,0.2134715025906736,1800.2,0.8442
2021-07-09,4369.55,45491.12,47595.0,464.0,55.81,0.1,8097773.0,-0.33,0.3333333333333333,0.1388888888888889,0.4444444444444444,0.9444444444444444,0.1832706766917293,1810.6,0.8419
2021-07-12,4384.63,45611.62,29424.0,229.0,56.0,0.1,8097773.0,-0.35,0.1379310344827586,0.3448275862068966,0.1724137931034483,0.9310344827586208,0.1570782159017453,1805.9,0.843
2021-07-13,4369.21,45354.01,26533.0,359.0,56.08,0.1,8097773.0,-0.33,0.1666666666666666,0.2916666666666667,0.375,0.7916666666666666,0.1805745554035567,1809.9,0.8492
2021-07-14,4374.3,45289.15,31125.0,328.0,56.17,0.1,8201651.0,-0.35,0.2307692307692307,0.5384615384615384,0.5,0.8461538461538463,0.1437699680511182,1825.0,0.8448
2021-07-15,4360.03,45133.57,31963.0,350.0,56.26,0.1,8201651.0,-0.39,0.074074074074074,0.1111111111111111,0.037037037037037,0.7037037037037037,0.1013888888888888,1829.0,0.8467
2021-07-16,4327.16,44793.72,78111.0,453.0,56.36,0.1,8201651.0,-0.4,0.0357142857142857,0.3214285714285714,0.2857142857142857,0.7857142857142858,0.1702325581395349,1815.0,0.847
2021-07-19,4258.49,44122.93,48843.0,190.0,56.57,0.1,8201651.0,-0.44,0.0909090909090909,0.2727272727272727,0.4999999999999999,0.8636363636363636,0.1929693343305908,1809.2,0.8475
2021-07-20,4323.06,44885.98,39729.0,289.0,56.69,0.1,8201651.0,-0.4,0.1304347826086956,0.6086956521739131,0.6086956521739131,0.9130434782608696,0.2098765432098765,1811.4,0.8488
2021-07-21,4358.69,45301.15,47732.0,361.0,56.8,0.1,8240530.0,-0.36,0.1666666666666666,0.2083333333333333,0.5833333333333334,0.9166666666666669,0.2098674521354934,1807.4,0.8478
2021-07-22,4367.48,45326.59,56532.0,289.0,56.93,0.1,8240530.0,-0.39,0.0357142857142857,0.0714285714285714,0.25,0.8928571428571429,0.1693268563497571,1809.2,0.8495
2021-07-23,4411.79,45781.53,120801.0,556.0,57.08,0.1,8240530.0,-0.42,0.0606060606060606,0.1515151515151515,0.4848484848484848,0.8181818181818181,0.1705916140149339,1805.9,0.8495
2021-07-26,4422.3,45873.09,79374.0,258.0,57.36,0.1,8240530.0,-0.47,-0.0416666666666666,0.375,0.4166666666666666,1.0,0.1613418530351437,1803.4,0.8473
2021-07-27,4401.46,45620.06,64994.0,444.0,57.51,0.1,8240530.0,-0.47,0.0,0.2727272727272727,0.3181818181818182,0.8636363636363636,0.1826280623608017,1804.0,0.8462
2021-07-28,4400.64,45704.44,73570.0,375.0,57.66,0.1,8221473.0,-0.47,0.3214285714285714,0.1785714285714285,0.6071428571428572,0.8571428571428572,0.2023319615912208,1804.6,0.8442
2021-07-29,4419.15,45896.93,72559.0,318.0,57.81,0.1,8221473.0,-0.47,0.1481481481481481,0.2962962962962963,0.3703703703703704,0.8888888888888888,0.1690721649484536,1835.8,0.8411
2021-07-30,4395.26,45637.19,191449.0,881.0,57.98,0.1,8221473.0,-0.47,0.0344827586206896,0.2758620689655172,0.4482758620689655,1.0,0.1745945945945946,1817.2,0.8425
2021-08-02,4387.16,45556.86,108361.0,345.0,58.3,0.09,8221473.0,-0.48,0.0833333333333333,0.3333333333333332,0.625,0.8333333333333334,0.20703933747412,1822.2,0.8422
2021-08-03,4423.15,45888.03,97752.0,577.0,58.47,0.09,8221473.0,-0.49,0.1818181818181818,0.3636363636363636,0.3636363636363636,1.0,0.2041522491349481,1814.1,0.8429
2021-08-04,4402.66,45672.81,102437.0,540.0,58.63,0.09,8235073.0,-0.49,0.24,0.24,0.2799999999999999,0.92,0.1903392754456584,1814.5,0.8447
2021-08-05,4429.1,46001.13,109692.0,513.0,58.8,0.09,8235073.0,-0.45,0.2058823529411764,0.3529411764705882,0.3529411764705882,0.9117647058823528,0.1811734364925854,1808.9,0.8451
2021-08-06,4436.52,46053.93,251894.0,1133.0,58.99,0.09,8235073.0,-0.41,0.1034482758620689,0.0344827586206896,0.1379310344827586,0.5517241379310345,0.2245037645448323,1763.1,0.8501
2021-08-09,4432.35,46005.5,159789.0,521.0,59.33,0.09,8235073.0,-0.4,-0.1851851851851851,0.2222222222222222,0.3333333333333333,0.9259259259259258,0.1648351648351648,1726.5,0.8521
2021-08-10,4436.75,46028.87,117802.0,833.0,59.49,0.09,8235073.0,-0.4,-0.0416666666666666,0.2916666666666666,0.4166666666666666,0.7916666666666666,0.1739452257586972,1731.7,0.8531
2021-08-11,4442.41,46142.27,154437.0,790.0,59.64,0.09,8257159.0,-0.4,0.1034482758620689,0.4482758620689654,0.2758620689655172,0.4482758620689655,0.2095612311722331,1753.3,0.8518
2021-08-12,4460.83,46257.92,144076.0,1023.0,59.8,0.09,8257159.0,-0.38,0.2258064516129032,0.4516129032258064,0.4838709677419355,0.8709677419354838,0.170406732117812,1751.8,0.8526
2021-08-13,4468.0,46280.65,226823.0,1048.0,59.98,0.09,8257159.0,-0.42,0.25,0.1499999999999999,0.3999999999999999,0.8,0.1986803519061583,1778.2,0.8477
2021-08-16,4479.71,46310.98,194360.0,1025.0,60.29,0.09,8257159.0,-0.43,0.0909090909090908,-0.1363636363636363,0.0,0.6363636363636365,0.225,1789.8,0.8492
2021-08-17,4448.08,45958.55,150591.0,1023.0,60.44,0.09,8257159.0,-0.4,0.375,0.25,0.5,0.9166666666666666,0.2606837606837606,1787.8,0.8542
2021-08-18,4400.27,45489.04,167607.0,1201.0,60.58,0.09,8342598.0,-0.4,-0.0689655172413793,0.3448275862068966,0.0689655172413793,0.7931034482758621,0.1711711711711711,1784.4,0.854
2021-08-19,4405.8,45463.22,155220.0,1777.0,60.73,0.09,8342598.0,-0.43,0.25,0.2916666666666667,0.6666666666666666,0.8333333333333334,0.1247280638143581,1783.1,0.8563
2021-08-20,4441.67,45873.86,239079.0,1460.0,60.89,0.09,8342598.0,-0.41,0.2571428571428571,0.1714285714285714,0.3428571428571428,0.8285714285714285,0.2157177225340817,1784.0,0.8547
2021-08-23,4479.53,46317.98,208234.0,1330.0,61.18,0.09,8342598.0,-0.42,-0.0769230769230769,0.1153846153846154,0.3846153846153846,0.8076923076923077,0.2714776632302406,1806.3,0.8514
2021-08-24,4486.23,46469.71,154460.0,1411.0,61.32,0.09,8342598.0,-0.4,0.1851851851851851,0.2592592592592592,0.3333333333333333,0.8148148148148148,0.2546744036105738,1808.5,0.8506
2021-08-25,4496.19,46597.63,178970.0,1540.0,61.46,0.09,8332743.0,-0.37,0.0869565217391304,0.0,0.4347826086956522,0.826086956521739,0.3780397936624908,1791.0,0.8495
2021-08-26,4470.0,46304.4,183774.0,2197.0,61.6,0.09,8332743.0,-0.39,0.0799999999999999,0.6000000000000001,0.56,0.4399999999999999,0.4430565760470242,1795.2,0.8508
2021-08-27,4509.37,46795.53,238680.0,1733.0,61.77,0.09,8332743.0,-0.46,0.0769230769230769,0.3461538461538461,0.4615384615384614,0.7307692307692307,0.2251941328731665,1819.5,0.8477
2021-08-30,4528.79,46954.24,229214.0,1708.0,62.05,0.09,8332743.0,-0.45,0.4782608695652174,0.3043478260869565,0.2608695652173913,0.826086956521739,0.1716697936210131,1812.2,0.8476
2021-08-31,4522.68,46882.41,179944.0,1420.0,62.17,0.09,8332743.0,-0.41,-0.0384615384615384,0.2307692307692307,0.2307692307692307,0.9230769230769232,0.1685288640595903,1818.1,0.8468
2021-09-01,4524.09,46934.27,190511.0,2034.0,62.3,0.08,8349173.0,-0.42,-0.2,0.28,0.52,0.76,0.152061855670103,1816.0,0.8445
2021-09-02,4536.95,47089.89,179123.0,2993.0,62.42,0.08,8349173.0,-0.42,0.3478260869565217,0.608695652173913,0.6086956521739131,0.826086956521739,0.2156862745098039,1811.5,0.8421
2021-09-03,4535.43,47066.22,235432.0,1930.0,62.56,0.08,8349173.0,-0.39,0.03125,0.25,0.25,1.0,0.1979522184300341,1833.7,0.8419
2021-09-07,4520.03,46863.3,209173.0,2071.0,62.82,0.08,8349173.0,-0.36,0.1363636363636363,-0.1363636363636363,0.409090909090909,0.7272727272727273,0.1885350318471337,1798.5,0.8444
2021-09-08,4514.07,46741.19,176911.0,2292.0,62.93,0.08,8357314.0,-0.41,0.0333333333333333,0.2,0.3999999999999999,0.6666666666666667,0.1829689298043728,1793.5,0.8462
2021-09-09,4493.28,46562.72,166421.0,3215.0,63.04,0.08,8357314.0,-0.47,0.3199999999999999,0.1999999999999999,0.5599999999999999,0.92,0.1935483870967742,1800.0,0.8457
2021-09-10,4458.58,46196.95,242018.0,2472.0,63.18,0.08,8357314.0,-0.45,0.2307692307692307,0.3846153846153846,0.5,1.0,0.2553846153846154,1792.1,0.8467
2021-09-13,4468.73,46297.72,210778.0,2160.0,63.4,0.08,8357314.0,-0.45,0.1999999999999999,0.3666666666666666,0.4333333333333333,0.8,0.2087272727272727,1794.4,0.8466
2021-09-14,4443.05,45998.0,145407.0,1889.0,63.5,0.08,8357314.0,-0.48,0.1739130434782609,0.0869565217391304,0.0,0.6956521739130435,0.2223032069970845,1807.1,0.8472
2021-09-15,4480.7,46393.79,173248.0,2739.0,63.59,0.08,8448770.0,-0.46,0.1379310344827586,-0.0344827586206896,0.5172413793103449,0.8275862068965517,0.2144067796610169,1794.8,0.8463
2021-09-16,4473.75,46353.04,158777.0,3461.0,63.69,0.08,8448770.0,-0.45,0.217391304347826,0.1739130434782609,0.3043478260869565,0.7391304347826086,0.1756440281030444,1756.7,0.85
2021-09-17,4432.99,45995.39,210855.0,2444.0,63.79,0.08,8448770.0,-0.42,0.1351351351351351,0.3783783783783784,0.4324324324324324,0.8108108108108107,0.2732283464566929,1751.4,0.8528
2021-09-20,4357.73,45173.57,171795.0,2304.0,63.97,0.08,8448770.0,-0.44,0.15625,0.28125,0.625,0.8125,0.2857142857142857,1763.8,0.8528
2021-09-21,4354.19,45177.77,121732.0,2440.0,64.05,0.08,8448770.0,-0.43,0.0384615384615384,0.1538461538461538,0.2692307692307692,0.9230769230769232,0.3035878564857406,1778.2,0.8527
2021-09-22,4395.64,45633.6,131347.0,2685.0,64.13,0.08,8489824.0,-0.44,0.2916666666666667,0.1666666666666666,0.2916666666666666,0.8333333333333333,0.2428174235403151,1778.8,0.8555
2021-09-23,4448.98,46203.01,129159.0,3290.0,64.2,0.08,8489824.0,-0.39,0.2222222222222222,0.1666666666666666,0.3888888888888888,0.6666666666666667,0.1700854700854701,1749.8,0.8519
2021-09-24,4455.48,46225.29,174765.0,2473.0,64.3,0.08,8489824.0,-0.34,0.175,0.25,0.2749999999999999,0.875,0.2449209932279909,1751.7,0.8532
2021-09-27,4443.11,46151.73,155934.0,2265.0,64.49,0.08,8489824.0,-0.35,0.1481481481481481,0.2592592592592592,0.7037037037037037,0.9629629629629628,0.2860040567951318,1752.0,0.855
2021-09-28,4352.63,45170.54,112749.0,2502.0,64.58,0.08,8489824.0,-0.31,0.2413793103448276,0.1034482758620689,0.5862068965517241,0.8620689655172413,0.1656495204882301,1737.5,0.8558
2021-09-29,4359.46,45194.36,121384.0,2615.0,64.66,0.08,8447981.0,-0.28,0.2142857142857143,0.1071428571428571,0.3928571428571429,1.0,0.1832907075873827,1722.9,0.8623
2021-09-30,4307.54,44705.79,110394.0,2803.0,64.75,0.08,8447981.0,-0.29,0.36,0.24,0.64,0.96,0.1855249745158002,1757.0,0.8638
2021-10-01,4357.04,45232.37,154831.0,2147.0,64.85,0.08,8447981.0,-0.34,0.1621621621621621,0.3513513513513513,0.5405405405405406,0.945945945945946,0.2174369747899159,1758.4,0.8626
2021-10-04,4300.46,44616.6,142917.0,1922.0,65.01,0.08,8447981.0,-0.34,0.1071428571428571,0.1071428571428571,0.3571428571428571,0.7142857142857142,0.2119675456389452,1767.6,0.8605
2021-10-05,4345.72,45061.71,95227.0,1872.0,65.08,0.08,8447981.0,-0.33,0.1538461538461538,0.3461538461538461,0.5384615384615384,0.6153846153846154,0.290065264684554,1760.9,0.8623
2021-10-06,4363.55,45223.41,112177.0,2649.0,65.16,0.08,8464032.0,-0.34,0.4166666666666667,0.375,0.3333333333333332,0.9166666666666669,0.2125693160813308,1761.8,0.8652
2021-10-07,4399.76,45655.66,101524.0,2463.0,65.23,0.08,8464032.0,-0.31,0.2258064516129032,0.5161290322580645,0.6129032258064516,0.6774193548387097,0.2674418604651162,1759.2,0.8656
2021-10-08,4391.34,45526.24,131422.0,1800.0,65.32,0.08,8464032.0,-0.31,-0.0416666666666666,0.0,0.2916666666666666,0.7916666666666666,0.2117780294450736,1757.4,0.8638
2021-10-12,4350.65,45198.96,110605.0,2296.0,65.53,0.08,8464032.0,-0.34,0.1724137931034483,0.3103448275862069,0.3103448275862068,0.7241379310344827,0.2474662162162162,1759.3,0.8673
2021-10-13,4363.8,45388.01,108457.0,3208.0,65.6,0.08,8480942.0,-0.42,0.4347826086956522,0.0434782608695652,0.5652173913043479,0.8695652173913043,0.3276036400404449,1794.7,0.8624
2021-10-14,4438.26,46145.41,86941.0,2165.0,65.66,0.08,8480942.0,-0.44,0.12,0.0,0.36,0.72,0.3727454909819639,1797.9,0.8622
2021-10-15,4471.37,46420.03,109471.0,1799.0,65.74,0.08,8480942.0,-0.42,-0.1111111111111111,0.1111111111111111,0.4074074074074074,0.5185185185185185,0.2576142131979695,1768.3,0.8622
2021-10-18,4486.46,46582.91,98941.0,1774.0,65.88,0.08,8480942.0,-0.43,0.0499999999999999,0.25,0.25,0.8999999999999999,0.22508398656215,1765.7,0.8611
2021-10-19,4519.63,46904.78,81903.0,2129.0,65.94,0.08,8480942.0,-0.36,0.1875,0.3125,0.34375,0.8125,0.147914032869785,1770.5,0.8596
2021-10-20,4536.19,47083.9,91605.0,3171.0,66.0,0.08,8564943.0,-0.36,-0.0303030303030302,0.4242424242424242,0.1515151515151515,0.9393939393939394,0.2283702213279677,1784.9,0.8583
2021-10-21,4549.78,47249.35,78067.0,1988.0,66.06,0.08,8564943.0,-0.4,0.1351351351351351,0.2432432432432432,0.2972972972972972,0.8918918918918919,0.2362204724409449,1781.9,0.8601
2021-10-22,4544.9,47159.44,95948.0,1861.0,66.15,0.08,8564943.0,-0.42,0.2222222222222222,0.4444444444444445,0.3888888888888888,1.0,0.233970753655793,1796.3,0.8586
2021-10-25,4566.48,47403.82,112560.0,1474.0,66.33,0.08,8564943.0,-0.43,0.2352941176470588,0.3529411764705882,0.2352941176470588,0.5294117647058824,0.2445859872611465,1806.8,0.8613
2021-10-26,4574.79,47427.78,66654.0,1578.0,66.42,0.08,8564943.0,-0.48,0.2083333333333333,0.0833333333333333,0.4166666666666666,0.6666666666666667,0.2276422764227642,1793.4,0.8623
2021-10-27,4551.68,47072.64,102559.0,2055.0,66.51,0.08,8556181.0,-0.56,0.0434782608695652,0.3913043478260869,0.5217391304347826,0.9130434782608696,0.2329974811083123,1798.8,0.8619
2021-10-28,4596.42,47593.04,75089.0,1843.0,66.6,0.08,8556181.0,-0.46,0.1724137931034483,0.1034482758620689,0.2413793103448275,1.0,0.2576419213973799,1802.6,0.8559
2021-10-29,4605.38,47670.9,95103.0,1723.0,66.7,0.08,8556181.0,-0.38,0.027027027027027,0.1891891891891892,0.4054054054054054,0.945945945945946,0.2471098265895954,1783.9,0.8651
2021-11-01,4613.67,47894.1,113251.0,1281.0,66.87,0.08,8556181.0,-0.36,0.1935483870967742,0.4193548387096774,0.4838709677419355,1.0,0.2756132756132756,1795.8,0.8617
2021-11-02,4630.65,48031.14,68730.0,1269.0,66.95,0.08,8556181.0,-0.4,0.2068965517241379,0.2068965517241379,0.3793103448275862,0.8620689655172413,0.2271573604060913,1789.4,0.8636
2021-11-03,4660.57,48388.08,85593.0,1959.0,67.05,0.08,8574871.0,-0.38,0.3214285714285714,0.5714285714285715,0.4642857142857143,0.75,0.2304250559284116,1763.9,0.8611
2021-11-04,4680.06,48545.12,81436.0,1202.0,67.15,0.08,8574871.0,-0.46,0.1142857142857143,0.4285714285714285,0.5142857142857142,1.0,0.1928374655647382,1793.5,0.8655
2021-11-05,4697.53,48742.86,96857.0,2130.0,67.29,0.08,8574871.0,-0.53,0.1363636363636363,0.3636363636363636,0.409090909090909,0.9090909090909092,0.2601476014760148,1816.8,0.8644
2021-11-08,4701.7,48824.98,110746.0,1260.0,67.62,0.08,8574871.0,-0.58,0.1764705882352941,0.4117647058823529,0.5294117647058824,0.8823529411764706,0.170061099796334,1828.0,0.863
2021-11-09,4685.25,48665.92,78358.0,1427.0,67.78,0.08,8574871.0,-0.64,0.027027027027027,0.3783783783783784,0.4864864864864864,0.7297297297297298,0.1917255297679112,1830.8,0.8625
2021-11-10,4646.71,48176.47,95067.0,1679.0,67.95,0.08,8663117.0,-0.6,0.0689655172413793,0.1724137931034483,0.4137931034482758,0.5172413793103449,0.2084188911704312,1848.3,0.8711
2021-11-12,4682.85,48599.73,143499.0,2460.0,68.31,0.08,8663117.0,-0.59,0.2142857142857142,0.3214285714285714,0.4285714285714286,0.8571428571428572,0.14321608040201,1868.5,0.8736
2021-11-15,4682.8,48582.45,134039.0,1308.0,68.68,0.08,8663117.0,-0.56,0.037037037037037,0.2222222222222222,0.5925925925925926,0.5925925925925926,0.2002923976608187,1866.6,0.8796
2021-11-16,4700.9,48782.07,87265.0,1332.0,68.83,0.08,8663117.0,-0.5,0.074074074074074,0.3703703703703703,0.4814814814814815,0.7777777777777777,0.2568542568542568,1854.1,0.8833
2021-11-17,4688.67,48580.23,112836.0,1646.0,68.98,0.08,8674970.0,-0.51,0.2571428571428571,-0.2,0.4285714285714286,0.7142857142857143,0.1389290882778582,1872.8,0.8835
2021-11-18,4704.54,48652.55,109832.0,1351.0,69.13,0.08,8674970.0,-0.56,0.12,0.2,0.28,0.1999999999999999,0.1678681771369721,1864.0,0.8791
2021-11-19,4697.96,48528.59,126867.0,1790.0,69.31,0.08,8674970.0,-0.6,0.1612903225806451,0.2258064516129032,0.2258064516129032,0.6129032258064515,0.1907449209932279,1854.3,0.8865
2021-11-22,4682.94,48284.07,144616.0,1261.0,69.66,0.08,8674970.0,-0.49,0.125,0.5,0.34375,0.625,0.1941624365482233,1809.1,0.8901
2021-11-23,4690.7,48305.06,91344.0,1374.0,69.81,0.08,8674970.0,-0.43,0.409090909090909,0.2272727272727272,0.4090909090909091,0.7272727272727273,0.2090643274853801,1786.3,0.8889
2021-11-24,4701.46,48443.39,111579.0,1710.0,69.93,0.08,8681771.0,-0.46,0.0799999999999999,0.24,0.28,0.6799999999999999,0.1585014409221902,1786.9,0.8929
2021-11-26,4594.62,47329.19,53421.0,372.0,70.03,0.08,8681771.0,-0.55,0.1739130434782608,0.3478260869565217,0.2608695652173913,0.6521739130434783,0.2732426303854875,1788.1,0.8836
2021-11-29,4655.27,47856.44,186295.0,1936.0,70.24,0.08,8681771.0,-0.51,0.1176470588235294,0.088235294117647,0.411764705882353,0.7647058823529411,0.2536231884057971,1785.2,0.8855
2021-11-30,4567.0,46906.96,117101.0,1636.0,70.37,0.08,8681771.0,-0.58,0.1666666666666666,0.3,0.3999999999999999,0.7666666666666667,0.2418812989921613,1776.5,0.8819
2021-12-01,4513.04,46216.66,137107.0,2054.0,70.5,0.08,8650402.0,-0.56,0.1851851851851851,0.5925925925925926,0.5185185185185185,0.8888888888888888,0.2764883955600403,1784.3,0.8833
2021-12-02,4577.1,46955.02,138852.0,3904.0,70.64,0.08,8650402.0,-0.61,0.3333333333333333,0.303030303030303,0.4545454545454545,0.7272727272727273,0.2339121552604698,1762.7,0.8848
2021-12-03,4538.43,46441.66,158620.0,1579.0,70.79,0.08,8650402.0,-0.63,0.3043478260869565,0.4347826086956522,0.3043478260869565,0.6521739130434783,0.189161554192229,1783.9,0.8839
2021-12-06,4591.67,47007.56,177688.0,1417.0,71.05,0.08,8650402.0,-0.57,0.074074074074074,0.5185185185185186,0.7037037037037037,0.7037037037037037,0.2184684684684684,1779.5,0.886
2021-12-07,4686.75,48019.47,113263.0,1564.0,71.17,0.08,8650402.0,-0.53,0.3478260869565217,0.3913043478260869,0.391304347826087,0.826086956521739,0.2117117117117117,1784.7,0.8875
2021-12-08,4701.21,48232.99,149905.0,1816.0,71.29,0.08,8664524.0,-0.5,0.074074074074074,0.4444444444444444,0.3333333333333333,0.9259259259259258,0.2342038753159224,1785.5,0.8816
2021-12-09,4667.45,47756.8,124527.0,1572.0,71.41,0.08,8664524.0,-0.48,0.0967741935483871,0.3548387096774194,0.2903225806451613,0.935483870967742,0.1987060998151571,1776.7,0.8855
2021-12-10,4712.02,48094.69,158199.0,1799.0,71.54,0.08,8664524.0,-0.44,0.15625,0.03125,0.3125,0.875,0.2188295165394402,1784.8,0.8835
2021-12-13,4668.97,47631.05,185493.0,1407.0,71.77,0.08,8664524.0,-0.47,0.2857142857142857,0.1071428571428571,0.4642857142857143,0.8214285714285715,0.2519685039370078,1788.3,0.8861
2021-12-14,4634.09,47254.19,115028.0,1549.0,71.88,0.08,8664524.0,-0.44,0.1176470588235294,0.2352941176470588,0.4117647058823529,0.8235294117647058,0.170528266913809,1772.3,0.8881
2021-12-15,4709.85,48013.53,143626.0,2253.0,72.0,0.08,8756666.0,-0.42,0.1904761904761904,0.3333333333333333,0.3809523809523809,0.8095238095238095,0.197610294117647,1764.5,0.8856
2021-12-16,4668.67,47503.92,141726.0,1293.0,72.11,0.08,8756666.0,-0.42,-0.1153846153846153,0.1538461538461538,0.1153846153846153,0.9230769230769232,0.2644376899696049,1798.2,0.8827
2021-12-17,4620.64,47172.38,192651.0,1850.0,72.24,0.08,8756666.0,-0.44,0.375,0.4166666666666666,0.4166666666666666,0.75,0.2101382488479262,1804.9,0.8897
2021-12-20,4568.02,46594.03,240045.0,1579.0,72.52,0.08,8756666.0,-0.43,-0.1304347826086956,0.4347826086956522,0.3043478260869565,0.9565217391304348,0.2022357723577235,1794.6,0.8869
2021-12-21,4649.23,47527.23,179401.0,1951.0,72.66,0.08,8756666.0,-0.46,0.1785714285714285,0.4285714285714286,0.4285714285714285,0.7142857142857142,0.1595547309833024,1788.7,0.8859
2021-12-22,4696.56,47987.53,243749.0,4188.0,72.79,0.08,8790495.0,-0.5,0.1999999999999999,0.35,0.35,1.0,0.2136279926335175,1802.2,0.8829
2021-12-23,4725.79,48302.65,269754.0,1385.0,72.9,0.08,8790495.0,-0.45,0.25,0.4166666666666667,0.4166666666666667,0.9722222222222222,0.185013876040703,1811.7,0.8827
2021-12-27,4791.19,48918.18,500547.0,1793.0,73.09,0.08,8790495.0,-0.5,0.1428571428571428,0.2857142857142857,-0.1428571428571428,0.5714285714285714,0.1819105691056911,1808.8,0.8828
2021-12-28,4786.35,48815.33,361997.0,2315.0,73.23,0.08,8790495.0,-0.48,0.1578947368421052,0.4736842105263158,0.5789473684210527,1.0,0.2022471910112359,1810.9,0.8841
2021-12-29,4793.06,48870.99,502093.0,2355.0,73.36,0.08,8757460.0,-0.45,-0.0416666666666666,0.2083333333333333,0.0416666666666666,0.75,0.1640271493212669,1805.8,0.881
2021-12-30,4778.73,48773.2,590660.0,1495.0,73.48,0.08,8757460.0,-0.51,0.2222222222222222,0.2962962962962963,0.4814814814814814,0.7777777777777777,0.3109756097560976,1814.1,0.8828
2021-12-31,4766.18,48634.31,513593.0,711.0,73.53,0.08,8757460.0,-0.52,0.375,0.3333333333333333,0.625,0.8333333333333333,0.3278061224489796,1828.6,0.8794
2022-01-03,4796.56,48929.18,1044839.0,1840.0,73.68,0.08,8757460.0,-0.43,0.0,0.0999999999999999,0.2,0.85,0.2429378531073446,1800.1,0.8851
2022-01-04,4793.54,48846.02,812112.0,2309.0,73.79,0.08,8757460.0,-0.35,0.0,0.0416666666666666,0.375,0.6666666666666667,0.1388044579533941,1814.6,0.886
2022-01-05,4700.58,47770.39,662511.0,2182.0,73.91,0.08,8765721.0,-0.27,0.0625,0.1875,0.46875,0.875,0.1642066420664206,1825.1,0.8839
2022-01-06,4696.05,47764.14,834945.0,2057.0,74.02,0.08,8765721.0,-0.21,0.0909090909090909,0.0454545454545454,0.1818181818181818,0.9090909090909092,0.1565656565656565,1789.2,0.8851
2022-01-07,4677.03,47528.28,869684.0,2401.0,74.14,0.08,8765721.0,-0.22,0.2272727272727272,0.2727272727272727,0.6363636363636364,1.0,0.1911357340720221,1797.4,0.8801
2022-01-10,4670.29,47455.34,1383795.0,2012.0,74.37,0.08,8765721.0,-0.21,0.0625,0.0625,0.125,0.75,0.2150866462793068,1798.8,0.8828
2022-01-11,4713.07,47933.95,787218.0,2469.0,74.47,0.08,8765721.0,-0.29,0.1904761904761904,0.238095238095238,0.6666666666666666,0.9047619047619048,0.2269938650306748,1818.5,0.8797
2022-01-12,4726.35,48002.87,848542.0,2806.0,74.57,0.08,8788278.0,-0.23,0.0526315789473684,0.4736842105263157,0.4736842105263158,0.9473684210526316,0.1531531531531531,1827.3,0.8739
2022-01-13,4659.03,47297.36,861298.0,2518.0,74.68,0.08,8788278.0,-0.23,0.1599999999999999,0.28,0.36,1.0,0.1865808823529411,1821.4,0.873
2022-01-14,4662.85,47316.14,879944.0,2738.0,74.79,0.08,8788278.0,-0.16,0.0434782608695652,0.0434782608695652,0.3043478260869565,0.6521739130434783,0.1831129196337741,1816.5,0.8759
2022-01-18,4577.11,46372.72,1129339.0,2683.0,75.03,0.08,8788278.0,-0.12,0.1428571428571428,0.2857142857142857,0.0714285714285714,0.5,0.1793416572077185,1812.4,0.8829
2022-01-19,4532.76,45903.33,907981.0,3435.0,75.11,0.08,8867834.0,-0.11,0.1904761904761904,0.0952380952380952,0.1428571428571428,0.8571428571428572,0.1481900452488687,1845.5,0.8817
2022-01-20,4482.73,45369.23,732514.0,2895.0,75.19,0.08,8867834.0,-0.1,0.1,0.6,0.4499999999999999,0.7,0.1131221719457014,1844.9,0.8841
2022-01-21,4397.94,44480.38,840984.0,3356.0,75.27,0.08,8867834.0,-0.18,0.3043478260869565,0.3913043478260869,0.3478260869565217,0.6956521739130435,0.1749049429657794,1834.1,0.8814
2022-01-24,4410.13,44708.28,921979.0,2164.0,75.41,0.08,8867834.0,-0.19,0.2083333333333333,0.2916666666666666,0.3333333333333333,0.8333333333333333,0.1677336747759283,1844.2,0.883
2022-01-25,4356.45,44102.32,493130.0,3170.0,75.48,0.08,8867834.0,-0.16,0.3214285714285714,0.0714285714285714,0.3214285714285714,0.9285714285714286,0.1598984771573603,1855.0,0.8848
2022-01-26,4349.93,43958.22,624003.0,3831.0,75.54,0.08,8860485.0,-0.1,0.0,-0.0952380952380952,0.2380952380952381,0.8571428571428572,0.1918678526048284,1832.0,0.8896
2022-01-27,4326.51,43637.55,506266.0,2579.0,75.6,0.08,8860485.0,-0.17,-0.238095238095238,0.238095238095238,0.2380952380952381,0.9047619047619048,0.2148481439820022,1795.0,0.8972
2022-01-28,4431.85,44699.51,614033.0,4098.0,75.67,0.08,8860485.0,-0.21,0.1764705882352941,0.5,0.4705882352941177,0.8529411764705882,0.1822784810126582,1786.6,0.897
2022-01-31,4515.55,45677.13,542226.0,2620.0,75.78,0.08,8860485.0,-0.19,-0.0625,0.1875,0.25,0.8125,0.1715749039692701,1796.4,0.8901
2022-02-01,4546.54,46037.46,325381.0,3332.0,75.82,0.08,8860485.0,-0.15,-0.0344827586206896,0.1034482758620689,0.3793103448275862,0.6206896551724137,0.1768707482993197,1801.5,0.8871
2022-02-02,4589.38,46321.49,329502.0,3572.0,75.87,0.08,8873211.0,-0.14,0.1724137931034483,0.3448275862068966,0.3448275862068964,0.8275862068965517,0.2231030577576444,1810.3,0.8846
2022-02-03,4477.44,45179.62,274791.0,2454.0,75.91,0.08,8873211.0,-0.08,0.1739130434782608,-0.1739130434782609,0.1739130434782608,0.9130434782608696,0.1898550724637681,1804.1,0.874
2022-02-04,4500.53,45482.72,354940.0,4107.0,75.95,0.08,8873211.0,0.0,-0.0416666666666666,0.125,0.5,0.75,0.1500843170320405,1807.8,0.8734
2022-02-07,4483.87,45363.68,346393.0,3062.0,76.04,0.08,8873211.0,-0.01,0.0769230769230769,0.0,0.3076923076923076,0.6923076923076923,0.1737226277372262,1821.8,0.874
2022-02-08,4521.54,45789.32,214264.0,2979.0,76.08,0.08,8873211.0,-0.01,0.0,0.3125,0.59375,0.59375,0.1723700887198986,1827.9,0.8759
2022-02-09,4587.18,46524.4,188400.0,3428.0,76.12,0.08,8878009.0,-0.01,0.0,0.423076923076923,0.6153846153846154,0.8846153846153847,0.2293178519593614,1836.6,0.8752
2022-02-10,4504.08,45711.77,171273.0,3265.0,76.16,0.08,8878009.0,0.05,0.1111111111111111,0.2222222222222222,0.2592592592592593,0.8888888888888888,0.206081081081081,1837.4,0.8751
2022-02-11,4418.64,44852.3,209320.0,2690.0,76.21,0.08,8878009.0,0.02,0.1724137931034483,0.2068965517241379,0.5172413793103449,1.0,0.1794500723589001,1842.1,0.881
2022-02-14,4401.67,44670.32,170182.0,3198.0,76.27,0.08,8878009.0,0.05,0.25,0.1666666666666666,0.0416666666666666,1.0,0.2137628111273792,1869.4,0.8844
2022-02-15,4471.07,45467.84,111175.0,2564.0,76.3,0.08,8878009.0,0.11,0.0476190476190476,-0.0952380952380952,0.380952380952381,0.7619047619047619,0.2217327459618208,1856.2,0.8803
2022-02-16,4475.01,45485.15,114838.0,3187.0,76.33,0.08,8911033.0,0.08,0.0,0.3,0.2,0.7999999999999999,0.2346938775510204,1871.5,0.8792
2022-02-17,4380.26,44461.61,101698.0,2919.0,76.36,0.08,8911033.0,0.1,0.2068965517241379,0.5862068965517242,0.6206896551724138,0.7931034482758621,0.1932203389830508,1902.0,0.8801
2022-02-18,4348.87,44102.29,145176.0,2486.0,76.4,0.08,8911033.0,0.04,0.0714285714285714,0.2142857142857142,0.0714285714285714,0.8214285714285715,0.2030981067125645,1899.8,0.8832
